Timestamp,BoxID,Raw_Distance,EMA_Distance
1.352,1,5.1095,5.1095
1.404,1,5.1095,5.1095
1.457,1,5.1095,5.1095
1.509,1,5.1095,5.1095
1.559,1,5.1095,5.1095
1.616,1,5.1095,5.1095
1.665,1,5.1095,5.1095
1.718,1,5.1095,5.1095
1.768,1,5.1095,5.1095
1.816,1,5.1095,5.1095
1.866,1,5.1095,5.1095
1.912,1,5.1095,5.1095
1.957,1,5.1095,5.1095
2.058,1,5.1095,5.1095
2.108,1,5.1095,5.1095
2.197,1,5.1095,5.1095
2.319,1,5.1095,5.1095
2.425,1,5.1095,5.1095
2.538,1,5.1095,5.1095
2.652,1,5.1095,5.1095
2.771,1,5.1095,5.1095
2.883,1,5.1095,5.1095
2.998,1,5.1095,5.1095
3.111,1,5.1095,5.1095
3.229,1,5.1095,5.1095
3.342,1,5.1095,5.1095
3.461,1,5.1095,5.1095
3.577,1,5.1095,5.1095
3.736,1,5.1095,5.1095
3.825,1,5.1095,5.1095
3.966,1,5.1095,5.1095
4.079,1,5.1095,5.1095
4.211,1,5.1095,5.1095
4.323,1,5.1095,5.1095
4.444,1,5.1095,5.1095
4.580,1,5.1095,5.1095
4.700,1,5.1095,5.1095
4.818,1,5.1095,5.1095
4.941,1,5.1095,5.1095
5.131,1,5.1095,5.1095
5.182,1,5.1095,5.1095
5.284,1,5.1095,5.1095
5.421,1,5.1095,5.1095
5.537,1,5.1095,5.1095
5.653,1,5.1095,5.1095
5.762,1,5.1095,5.1095
5.907,1,5.1095,5.1095
6.021,1,5.1095,5.1095
6.135,1,5.1095,5.1095
6.246,1,5.1095,5.1095
6.404,1,5.1095,5.1095
6.490,1,5.1095,5.1095
6.695,1,5.1095,5.1095
6.748,1,5.1095,5.1095
6.858,1,5.1095,5.1095
6.989,1,5.1095,5.1095
7.097,1,5.1095,5.1095
7.227,1,5.1095,5.1095
7.340,1,5.1095,5.1095
7.454,1,5.1095,5.1095
7.591,1,5.1095,5.1095
7.710,1,5.1095,5.1095
7.827,1,5.1095,5.1095
7.954,1,5.1095,5.1095
8.086,1,5.1095,5.1095
8.171,1,5.1095,5.1095
8.322,1,5.1095,5.1095
8.433,1,5.1095,5.1095
8.561,1,5.1095,5.1095
8.685,1,5.1095,5.1095
8.794,1,5.1095,5.1095
8.920,1,5.1095,5.1095
9.048,1,5.1095,5.1095
9.172,1,5.1095,5.1095
9.292,1,5.1095,5.1095
9.430,1,5.1095,5.1095
9.536,1,5.1095,5.1095
9.664,1,5.1095,5.1095
9.800,1,5.1096,5.1095
9.919,1,5.1113,5.1098
10.043,1,5.1090,5.1097
10.182,1,5.1091,5.1096
10.297,1,5.0953,5.1067
10.425,1,5.0961,5.1046
10.557,1,5.0885,5.1014
10.678,1,5.0807,5.0972
10.802,1,5.0632,5.0904
10.921,1,5.0548,5.0833
11.049,1,5.0454,5.0757
11.193,1,5.0376,5.0681
11.288,1,5.0268,5.0599
11.431,1,5.0140,5.0507
11.560,1,5.0035,5.0412
11.681,1,5.0018,5.0334
11.810,1,4.9894,5.0246
11.939,1,4.9751,5.0147
12.062,1,4.9460,5.0009
12.185,1,4.9333,4.9874
12.320,1,4.9304,4.9760
12.431,1,4.9150,4.9638
12.561,1,4.8849,4.9480
12.686,1,4.8737,4.9332
12.827,1,4.8534,4.9172
12.935,1,4.8532,4.9044
13.068,1,4.8221,4.8879
13.203,1,4.8184,4.8740
13.304,1,4.7889,4.8570
13.436,1,4.7793,4.8415
13.565,1,4.7690,4.8270
13.707,1,4.7551,4.8126
13.817,1,4.7391,4.7979
13.962,1,4.7273,4.7838
14.052,1,4.7275,4.7725
14.185,1,4.7104,4.7601
14.320,1,4.6971,4.7475
14.446,1,4.6908,4.7362
14.565,1,4.6849,4.7259
14.681,1,4.6731,4.7153
14.838,1,4.6708,4.7064
14.945,1,4.6543,4.6960
15.071,1,4.6545,4.6877
15.193,1,4.6569,4.6815
15.318,1,4.6535,4.6759
15.459,1,4.6454,4.6698
15.569,1,4.6423,4.6643
15.698,1,4.6306,4.6576
15.826,1,4.6291,4.6519
15.955,1,4.6036,4.6422
16.072,1,4.5820,4.6302
16.194,1,4.5819,4.6205
16.336,1,4.5706,4.6106
16.446,1,4.5493,4.5983
16.583,1,4.5444,4.5875
16.717,1,4.5365,4.5773
16.832,1,4.5155,4.5650
16.955,1,4.5163,4.5552
17.094,1,4.5070,4.5456
17.213,1,4.4888,4.5342
17.331,1,4.4809,4.5236
17.465,1,4.4830,4.5155
17.599,1,4.4653,4.5054
17.710,1,4.4491,4.4942
17.829,1,4.4328,4.4819
17.963,1,4.4223,4.4700
18.086,1,4.4141,4.4588
18.210,1,4.4124,4.4495
18.352,1,4.4109,4.4418
18.473,1,4.4060,4.4346
18.611,1,4.4023,4.4282
18.705,1,4.4014,4.4228
18.841,1,4.4022,4.4187
18.971,1,4.3964,4.4142
19.099,1,4.3965,4.4107
19.226,1,4.3912,4.4068
19.353,1,4.3851,4.4025
19.480,1,4.3750,4.3970
19.617,1,4.3750,4.3926
19.728,1,4.3551,4.3851
19.854,1,4.3584,4.3797
19.997,1,4.3388,4.3716
20.098,1,4.3258,4.3624
20.242,1,4.3146,4.3528
20.360,1,4.3056,4.3434
20.490,1,4.3070,4.3361
20.615,1,4.2775,4.3244
20.748,1,4.2773,4.3150
20.874,1,4.2683,4.3057
20.993,1,4.2722,4.2990
21.118,1,4.2636,4.2919
21.256,1,4.2434,4.2822
21.377,1,4.2416,4.2741
21.504,1,4.2293,4.2651
21.610,1,4.2189,4.2559
21.754,1,4.2155,4.2478
21.865,1,4.2176,4.2418
21.984,1,4.2163,4.2367
22.120,1,4.2135,4.2320
22.251,1,4.2175,4.2291
22.358,1,4.2195,4.2272
22.500,1,4.2204,4.2258
22.624,1,4.2204,4.2248
22.759,1,4.2202,4.2238
22.873,1,4.2263,4.2243
23.018,1,4.2294,4.2254
23.136,1,4.2342,4.2271
23.267,1,4.2347,4.2286
23.385,1,4.2336,4.2296
23.523,1,4.2375,4.2312
23.619,1,4.2451,4.2340
23.766,1,4.2472,4.2366
23.872,1,4.2480,4.2389
24.032,1,4.2505,4.2412
24.120,1,4.2501,4.2430
24.266,1,4.2559,4.2456
24.373,1,4.2589,4.2482
24.512,1,4.2615,4.2509
24.662,1,4.2612,4.2530
24.758,1,4.2647,4.2553
24.893,1,4.2690,4.2580
25.016,1,4.2721,4.2608
25.146,1,4.2748,4.2636
25.266,1,4.2742,4.2658
25.401,1,4.2745,4.2675
25.528,1,4.2783,4.2697
25.658,1,4.2800,4.2717
25.765,1,4.2873,4.2748
25.904,1,4.2940,4.2787
26.026,1,4.2981,4.2826
26.159,1,4.3098,4.2880
26.260,1,4.3124,4.2929
26.422,1,4.3167,4.2976
26.527,1,4.3300,4.3041
26.650,1,4.3323,4.3097
26.800,1,4.3347,4.3147
26.899,1,4.3436,4.3205
27.038,1,4.3461,4.3256
27.153,1,4.3470,4.3299
27.282,1,4.3535,4.3346
27.405,1,4.3608,4.3398
27.534,1,4.3654,4.3450
27.643,1,4.3635,4.3487
27.790,1,4.3679,4.3525
27.923,1,4.3682,4.3557
28.027,1,4.3685,4.3582
28.157,1,4.3692,4.3604
28.308,1,4.3681,4.3619
28.389,1,4.3670,4.3630
28.544,1,4.3707,4.3645
28.655,1,4.3721,4.3660
28.781,1,4.3726,4.3673
28.905,1,4.3722,4.3683
29.029,1,4.3725,4.3691
29.166,1,4.3698,4.3693
29.285,1,4.3713,4.3697
29.413,1,4.3719,4.3701
29.534,1,4.3739,4.3709
29.660,1,4.3735,4.3714
29.791,1,4.3762,4.3724
29.907,1,4.3800,4.3739
30.036,1,4.3820,4.3755
30.168,1,4.3855,4.3775
30.281,1,4.3862,4.3792
30.427,1,4.3889,4.3812
30.522,1,4.3935,4.3836
30.642,1,4.3956,4.3860
30.775,1,4.3962,4.3881
30.905,1,4.3999,4.3904
31.025,1,4.4015,4.3926
31.165,1,4.4039,4.3949
31.286,1,4.4061,4.3971
31.420,1,4.4099,4.3997
31.538,1,4.4109,4.4019
31.661,1,4.4134,4.4042
31.791,1,4.4142,4.4062
31.895,1,4.4171,4.4084
32.040,1,4.4192,4.4106
32.158,1,4.4200,4.4124
32.272,1,4.4211,4.4142
32.407,1,4.4243,4.4162
32.521,1,4.4220,4.4174
32.644,1,4.4230,4.4185
32.785,1,4.4256,4.4199
32.896,1,4.4278,4.4215
33.036,1,4.4264,4.4225
33.153,1,4.4270,4.4234
33.296,1,4.4305,4.4248
33.391,1,4.4296,4.4258
33.531,1,4.4289,4.4264
33.664,1,4.4279,4.4267
33.793,1,4.4277,4.4269
33.907,1,4.4259,4.4267
34.044,1,4.4264,4.4266
34.155,1,4.4237,4.4260
34.273,1,4.4178,4.4244
34.401,1,4.4181,4.4231
34.544,1,4.4125,4.4210
34.654,1,4.4106,4.4189
34.779,1,4.4108,4.4173
34.926,1,4.4074,4.4153
35.016,1,4.4028,4.4128
35.152,1,4.3995,4.4101
35.268,1,4.3999,4.4081
35.410,1,4.3956,4.4056
35.525,1,4.3965,4.4038
35.663,1,4.3909,4.4012
35.771,1,4.3885,4.3987
35.908,1,4.3856,4.3960
36.033,1,4.3834,4.3935
36.152,1,4.3834,4.3915
36.290,1,4.3780,4.3888
36.405,1,4.3750,4.3860
36.536,1,4.3745,4.3837
36.656,1,4.3694,4.3809
36.760,1,4.3663,4.3779
36.899,1,4.3659,4.3755
37.029,1,4.3605,4.3725
37.151,1,4.3582,4.3697
37.298,1,4.3574,4.3672
37.379,1,4.3578,4.3653
37.532,1,4.3550,4.3633
37.640,1,4.3519,4.3610
37.771,1,4.3495,4.3587
37.908,1,4.3467,4.3563
38.011,1,4.3411,4.3532
38.160,1,4.3411,4.3508
38.266,1,4.3360,4.3479
38.398,1,4.3362,4.3455
38.524,1,4.3333,4.3431
38.646,1,4.3301,4.3405
38.767,1,4.3251,4.3374
38.910,1,4.3220,4.3343
39.021,1,4.3202,4.3315
39.153,1,4.3203,4.3293
39.274,1,4.3147,4.3264
39.402,1,4.3121,4.3235
39.527,1,4.3125,4.3213
39.657,1,4.3065,4.3184
39.782,1,4.3033,4.3153
39.898,1,4.3037,4.3130
40.028,1,4.3009,4.3106
40.141,1,4.2951,4.3075
40.268,1,4.2951,4.3050
40.386,1,4.2937,4.3028
40.529,1,4.2915,4.3005
40.655,1,4.2882,4.2980
40.760,1,4.2819,4.2948
40.908,1,4.2788,4.2916
41.024,1,4.2763,4.2885
41.149,1,4.2763,4.2861
41.273,1,4.2727,4.2834
41.389,1,4.2694,4.2806
41.511,1,4.2659,4.2777
41.642,1,4.2623,4.2746
41.779,1,4.2623,4.2721
41.886,1,4.2529,4.2683
42.011,1,4.2529,4.2652
42.151,1,4.2465,4.2615
42.267,1,4.2465,4.2585
42.399,1,4.2401,4.2548
42.533,1,4.2367,4.2512
42.647,1,4.2337,4.2477
42.759,1,4.2307,4.2443
42.878,1,4.2307,4.2416
43.027,1,4.2277,4.2388
43.143,1,4.2253,4.2361
43.282,1,4.2214,4.2332
43.383,1,4.2175,4.2300
43.527,1,4.2133,4.2267
43.655,1,4.2089,4.2231
43.763,1,4.2056,4.2196
43.900,1,4.2025,4.2162
44.037,1,4.1934,4.2116
44.141,1,4.1950,4.2083
44.269,1,4.1886,4.2044
44.390,1,4.1882,4.2011
44.523,1,4.1828,4.1975
44.642,1,4.1828,4.1945
44.763,1,4.1809,4.1918
44.910,1,4.1783,4.1891
45.028,1,4.1752,4.1863
45.145,1,4.1719,4.1834
45.269,1,4.1641,4.1796
45.404,1,4.1600,4.1757
45.523,1,4.1556,4.1716
45.648,1,4.1558,4.1685
45.788,1,4.1480,4.1644
45.890,1,4.1436,4.1602
46.034,1,4.1436,4.1569
46.143,1,4.1354,4.1526
46.267,1,4.1351,4.1491
46.396,1,4.1278,4.1448
46.519,1,4.1240,4.1407
46.649,1,4.1244,4.1374
46.775,1,4.1212,4.1342
46.885,1,4.1178,4.1309
47.033,1,4.1102,4.1267
47.132,1,4.1099,4.1234
47.266,1,4.1018,4.1191
47.397,1,4.1017,4.1156
47.536,1,4.0955,4.1116
47.626,1,4.0954,4.1083
47.776,1,4.0879,4.1043
47.904,1,4.0879,4.1010
48.031,1,4.0811,4.0970
48.138,1,4.0805,4.0937
48.269,1,4.0766,4.0903
48.397,1,4.0698,4.0862
48.520,1,4.0662,4.0822
48.643,1,4.0658,4.0789
48.764,1,4.0590,4.0750
48.887,1,4.0560,4.0712
49.010,1,4.0519,4.0673
49.140,1,4.0523,4.0643
49.256,1,4.0487,4.0612
49.383,1,4.0451,4.0580
49.528,1,4.0373,4.0538
49.627,1,4.0337,4.0498
49.771,1,4.0341,4.0467
49.884,1,4.0269,4.0427
50.020,1,4.0271,4.0396
50.134,1,4.0238,4.0364
50.262,1,4.0162,4.0324
50.396,1,4.0166,4.0292
50.517,1,4.0147,4.0263
50.631,1,4.0083,4.0227
50.770,1,4.0083,4.0198
50.881,1,4.0048,4.0168
51.011,1,4.0013,4.0137
51.156,1,3.9944,4.0099
51.246,1,3.9915,4.0062
51.394,1,3.9866,4.0023
51.516,1,3.9862,3.9991
51.643,1,3.9774,3.9947
51.741,1,3.9774,3.9913
51.886,1,3.9727,3.9876
52.013,1,3.9642,3.9829
52.142,1,3.9592,3.9781
52.261,1,3.9592,3.9743
52.395,1,3.9534,3.9702
52.519,1,3.9533,3.9668
52.656,1,3.9502,3.9635
52.759,1,3.9461,3.9600
52.898,1,3.9410,3.9562
53.012,1,3.9406,3.9531
53.134,1,3.9311,3.9487
53.252,1,3.9211,3.9431
53.402,1,3.9173,3.9380
53.505,1,3.9131,3.9330
53.641,1,3.9129,3.9290
53.761,1,3.9077,3.9247
53.894,1,3.9034,3.9205
54.017,1,3.9004,3.9164
54.158,1,3.8963,3.9124
54.268,1,3.8885,3.9076
54.415,1,3.8874,3.9036
54.510,1,3.8839,3.8997
54.646,1,3.8840,3.8965
54.779,1,3.8755,3.8923
54.910,1,3.8726,3.8884
55.011,1,3.8725,3.8852
55.153,1,3.8659,3.8813
55.262,1,3.8619,3.8774
55.415,1,3.8576,3.8735
55.516,1,3.8536,3.8695
55.657,1,3.8495,3.8655
55.765,1,3.8423,3.8609
55.909,1,3.8438,3.8575
56.029,1,3.8353,3.8530
56.156,1,3.8318,3.8488
56.273,1,3.8273,3.8445
56.394,1,3.8271,3.8410
56.509,1,3.8208,3.8370
56.641,1,3.8208,3.8337
56.779,1,3.8166,3.8303
56.890,1,3.8099,3.8262
57.017,1,3.8066,3.8223
57.157,1,3.8064,3.8191
57.272,1,3.8023,3.8157
57.404,1,3.7991,3.8124
57.522,1,3.7956,3.8091
57.642,1,3.7885,3.8049
57.767,1,3.7887,3.8017
57.908,1,3.7817,3.7977
58.012,1,3.7817,3.7945
58.164,1,3.7792,3.7914
58.268,1,3.7717,3.7875
58.404,1,3.7718,3.7843
58.522,1,3.7682,3.7811
58.652,1,3.7604,3.7770
58.774,1,3.7604,3.7737
58.921,1,3.7539,3.7697
59.014,1,3.7513,3.7660
59.162,1,3.7512,3.7631
59.271,1,3.7437,3.7592
59.402,1,3.7438,3.7561
59.538,1,3.7376,3.7524
59.649,1,3.7343,3.7488
59.787,1,3.7312,3.7453
59.898,1,3.7285,3.7419
60.027,1,3.7281,3.7391
60.156,1,3.7248,3.7363
60.288,1,3.7213,3.7333
60.404,1,3.7144,3.7295
60.544,1,3.7144,3.7265
60.663,1,3.7078,3.7228
60.765,1,3.7046,3.7191
60.899,1,3.7008,3.7155
61.024,1,3.7008,3.7125
61.168,1,3.6938,3.7088
61.274,1,3.6939,3.7058
61.403,1,3.6877,3.7022
61.545,1,3.6877,3.6993
61.632,1,3.6849,3.6964
61.778,1,3.6794,3.6930
61.909,1,3.6798,3.6904
62.021,1,3.6731,3.6869
62.153,1,3.6731,3.6841
62.284,1,3.6695,3.6812
62.399,1,3.6621,3.6774
62.526,1,3.6621,3.6743
62.652,1,3.6586,3.6712
62.766,1,3.6519,3.6673
62.895,1,3.6486,3.6636
63.040,1,3.6464,3.6602
63.156,1,3.6464,3.6574
63.277,1,3.6433,3.6546
63.420,1,3.6402,3.6517
63.514,1,3.6333,3.6480
63.656,1,3.6302,3.6445
63.793,1,3.6302,3.6416
63.903,1,3.6238,3.6381
64.033,1,3.6238,3.6352
64.160,1,3.6205,3.6323
64.265,1,3.6134,3.6285
64.411,1,3.6108,3.6249
64.540,1,3.6076,3.6215
64.655,1,3.6076,3.6187
64.779,1,3.6045,3.6159
64.898,1,3.5982,3.6123
65.031,1,3.5978,3.6094
65.177,1,3.5921,3.6059
65.278,1,3.5902,3.6028
65.413,1,3.5902,3.6003
65.548,1,3.5872,3.5977
65.660,1,3.5807,3.5943
65.791,1,3.5772,3.5909
65.900,1,3.5767,3.5880
66.028,1,3.5725,3.5849
66.185,1,3.5694,3.5818
66.271,1,3.5651,3.5785
66.410,1,3.5606,3.5749
66.532,1,3.5562,3.5711
66.669,1,3.5532,3.5676
66.795,1,3.5442,3.5629
66.911,1,3.5395,3.5582
67.036,1,3.5345,3.5535
67.157,1,3.5301,3.5488
67.306,1,3.5255,3.5441
67.395,1,3.5257,3.5404
67.531,1,3.5227,3.5369
67.674,1,3.5163,3.5328
67.778,1,3.5120,3.5286
67.919,1,3.5075,3.5244
68.029,1,3.5035,3.5202
68.162,1,3.5038,3.5169
68.292,1,3.4999,3.5135
68.414,1,3.4961,3.5100
68.541,1,3.4914,3.5063
68.658,1,3.4823,3.5015
68.781,1,3.4830,3.4978
68.914,1,3.4738,3.4930
69.029,1,3.4713,3.4887
69.173,1,3.4714,3.4852
69.292,1,3.4677,3.4817
69.422,1,3.4658,3.4785
69.549,1,3.4664,3.4761
69.666,1,3.4618,3.4732
69.792,1,3.4620,3.4710
69.923,1,3.4575,3.4683
70.048,1,3.4576,3.4661
70.163,1,3.4555,3.4640
70.298,1,3.4540,3.4620
70.433,1,3.4498,3.4596
70.547,1,3.4483,3.4573
70.673,1,3.4460,3.4551
70.786,1,3.4458,3.4532
70.925,1,3.4418,3.4509
71.038,1,3.4418,3.4491
71.178,1,3.4405,3.4474
71.299,1,3.4379,3.4455
71.431,1,3.4354,3.4435
71.538,1,3.4333,3.4414
71.684,1,3.4310,3.4394
71.801,1,3.4283,3.4371
71.918,1,3.4258,3.4349
72.047,1,3.4214,3.4322
72.178,1,3.4215,3.4300
72.310,1,3.4161,3.4273
72.432,1,3.4135,3.4245
72.559,1,3.4138,3.4224
72.674,1,3.4093,3.4197
72.813,1,3.4068,3.4172
72.925,1,3.4066,3.4150
73.052,1,3.4022,3.4125
73.174,1,3.4018,3.4103
73.291,1,3.3958,3.4074
73.423,1,3.3937,3.4047
73.546,1,3.3905,3.4018
73.671,1,3.3881,3.3991
73.795,1,3.3879,3.3969
73.931,1,3.3821,3.3939
74.059,1,3.3821,3.3915
74.173,1,3.3762,3.3885
74.304,1,3.3740,3.3856
74.430,1,3.3739,3.3832
74.558,1,3.3690,3.3804
74.666,1,3.3670,3.3777
74.810,1,3.3648,3.3751
74.934,1,3.3644,3.3730
75.048,1,3.3615,3.3707
75.169,1,3.3556,3.3677
75.317,1,3.3556,3.3653
75.416,1,3.3528,3.3628
75.564,1,3.3472,3.3597
75.676,1,3.3447,3.3567
75.814,1,3.3449,3.3543
75.934,1,3.3425,3.3519
76.057,1,3.3404,3.3496
76.185,1,3.3352,3.3468
76.318,1,3.3324,3.3439
76.436,1,3.3317,3.3414
76.573,1,3.3294,3.3390
76.678,1,3.3245,3.3361
76.807,1,3.3217,3.3332
76.939,1,3.3218,3.3309
77.058,1,3.3196,3.3287
77.184,1,3.3170,3.3263
77.324,1,3.3112,3.3233
77.431,1,3.3108,3.3208
77.565,1,3.3080,3.3183
77.693,1,3.3031,3.3152
77.820,1,3.3002,3.3122
77.942,1,3.3000,3.3098
78.069,1,3.2973,3.3073
78.186,1,3.2946,3.3048
78.311,1,3.2904,3.3019
78.430,1,3.2873,3.2990
78.561,1,3.2846,3.2961
78.682,1,3.2848,3.2938
78.825,1,3.2815,3.2914
78.942,1,3.2785,3.2888
79.056,1,3.2730,3.2856
79.197,1,3.2707,3.2826
79.320,1,3.2707,3.2802
79.437,1,3.2674,3.2777
79.553,1,3.2619,3.2745
79.703,1,3.2625,3.2721
79.814,1,3.2569,3.2691
79.951,1,3.2570,3.2667
80.076,1,3.2518,3.2637
80.188,1,3.2517,3.2613
80.322,1,3.2468,3.2584
80.458,1,3.2438,3.2555
80.569,1,3.2439,3.2532
80.684,1,3.2379,3.2501
80.816,1,3.2380,3.2477
80.934,1,3.2320,3.2445
81.063,1,3.2320,3.2420
81.193,1,3.2297,3.2396
81.328,1,3.2269,3.2370
81.432,1,3.2243,3.2345
81.561,1,3.2218,3.2319
81.712,1,3.2161,3.2288
81.827,1,3.2161,3.2262
81.958,1,3.2136,3.2237
82.081,1,3.2084,3.2207
82.215,1,3.2082,3.2182
82.305,1,3.2060,3.2157
82.451,1,3.2030,3.2132
82.568,1,3.1976,3.2101
82.699,1,3.1973,3.2075
82.835,1,3.1946,3.2049
82.949,1,3.1890,3.2017
83.068,1,3.1890,3.1992
83.209,1,3.1838,3.1961
83.315,1,3.1838,3.1937
83.458,1,3.1810,3.1911
83.571,1,3.1786,3.1886
83.699,1,3.1761,3.1861
83.833,1,3.1708,3.1831
83.960,1,3.1686,3.1802
84.066,1,3.1687,3.1779
84.206,1,3.1635,3.1750
84.328,1,3.1635,3.1727
84.458,1,3.1605,3.1703
84.571,1,3.1541,3.1670
84.713,1,3.1508,3.1638
84.833,1,3.1508,3.1612
84.969,1,3.1443,3.1578
85.075,1,3.1443,3.1551
85.202,1,3.1379,3.1517
85.336,1,3.1379,3.1489
85.467,1,3.1316,3.1454
85.575,1,3.1286,3.1421
85.722,1,3.1256,3.1388
85.828,1,3.1227,3.1356
85.972,1,3.1227,3.1330
86.075,1,3.1168,3.1298
86.211,1,3.1136,3.1265
86.348,1,3.1136,3.1240
86.465,1,3.1104,3.1212
86.586,1,3.1071,3.1184
86.715,1,3.1005,3.1148
86.850,1,3.1005,3.1119
86.965,1,3.0972,3.1090
87.086,1,3.0941,3.1060
87.212,1,3.0909,3.1030
87.331,1,3.0878,3.1000
87.449,1,3.0847,3.0969
87.595,1,3.0787,3.0932
87.725,1,3.0787,3.0903
87.832,1,3.0758,3.0874
87.967,1,3.0728,3.0845
88.089,1,3.0695,3.0815
88.211,1,3.0629,3.0778
88.345,1,3.0629,3.0748
88.492,1,3.0563,3.0711
88.582,1,3.0530,3.0675
88.735,1,3.0530,3.0646
88.836,1,3.0497,3.0616
88.965,1,3.0434,3.0580
89.094,1,3.0403,3.0544
89.237,1,3.0403,3.0516
89.332,1,3.0339,3.0481
89.494,1,3.0308,3.0446
89.583,1,3.0308,3.0418
89.731,1,3.0246,3.0384
89.856,1,3.0213,3.0350
89.987,1,3.0213,3.0323
90.094,1,3.0179,3.0294
90.227,1,3.0109,3.0257
90.349,1,3.0110,3.0228
90.476,1,3.0075,3.0197
90.604,1,3.0005,3.0159
90.737,1,2.9972,3.0121
90.873,1,2.9972,3.0091
90.984,1,2.9905,3.0054
91.104,1,2.9905,3.0024
91.244,1,2.9872,2.9994
91.360,1,2.9807,2.9957
91.490,1,2.9776,2.9920
91.605,1,2.9776,2.9892
91.740,1,2.9745,2.9862
91.861,1,2.9714,2.9832
91.983,1,2.9681,2.9802
92.118,1,2.9646,2.9771
92.233,1,2.9611,2.9739
92.376,1,2.9576,2.9706
92.483,1,2.9508,2.9667
92.626,1,2.9508,2.9635
92.736,1,2.9440,2.9596
92.873,1,2.9440,2.9565
92.973,1,2.9406,2.9533
93.112,1,2.9340,2.9495
93.228,1,2.9340,2.9464
93.362,1,2.9309,2.9433
93.485,1,2.9246,2.9395
93.625,1,2.9246,2.9366
93.737,1,2.9215,2.9336
93.847,1,2.9147,2.9298
94.007,1,2.9148,2.9268
94.110,1,2.9113,2.9237
94.266,1,2.9078,2.9205
94.350,1,2.9043,2.9173
94.504,1,2.9010,2.9140
94.612,1,2.8976,2.9107
94.768,1,2.8943,2.9075
94.864,1,2.8877,2.9035
95.004,1,2.8877,2.9003
95.122,1,2.8811,2.8965
95.249,1,2.8779,2.8928
95.375,1,2.8780,2.8898
95.498,1,2.8748,2.8868
95.623,1,2.8685,2.8831
95.760,1,2.8685,2.8802
95.889,1,2.8650,2.8772
96.013,1,2.8616,2.8741
96.124,1,2.8582,2.8709
96.251,1,2.8547,2.8677
96.382,1,2.8479,2.8637
96.519,1,2.8479,2.8605
96.633,1,2.8412,2.8567
96.761,1,2.8379,2.8529
96.884,1,2.8346,2.8493
97.020,1,2.8347,2.8463
97.124,1,2.8284,2.8428
97.262,1,2.8284,2.8399
97.379,1,2.8221,2.8363
97.513,1,2.8221,2.8335
97.639,1,2.8153,2.8298
97.772,1,2.8153,2.8269
97.895,1,2.8118,2.8239
98.026,1,2.8083,2.8208
98.146,1,2.8048,2.8176
98.272,1,2.8013,2.8143
98.392,1,2.7946,2.8104
98.522,1,2.7946,2.8072
98.655,1,2.7879,2.8034
98.765,1,2.7879,2.8003
98.893,1,2.7847,2.7971
99.034,1,2.7815,2.7940
99.153,1,2.7783,2.7909
99.291,1,2.7752,2.7877
99.382,1,2.7687,2.7839
99.540,1,2.7687,2.7809
99.641,1,2.7652,2.7777
99.775,1,2.7617,2.7745
99.898,1,2.7582,2.7713
100.041,1,2.7513,2.7673
100.141,1,2.7479,2.7634
100.273,1,2.7479,2.7603
100.398,1,2.7412,2.7565
100.525,1,2.7412,2.7534
100.648,1,2.7379,2.7503
100.785,1,2.7316,2.7466
100.901,1,2.7285,2.7429
101.016,1,2.7285,2.7401
101.163,1,2.7285,2.7377
101.270,1,2.7222,2.7346
101.413,1,2.7152,2.7307
101.528,1,2.7152,2.7276
101.664,1,2.7118,2.7245
101.786,1,2.7083,2.7212
101.902,1,2.7015,2.7173
102.029,1,2.6981,2.7134
102.152,1,2.6948,2.7097
102.286,1,2.6948,2.7067
102.439,1,2.6882,2.7030
102.515,1,2.6849,2.6994
102.658,1,2.6849,2.6965
102.782,1,2.6786,2.6929
102.914,1,2.6755,2.6894
103.030,1,2.6755,2.6866
103.167,1,2.6722,2.6838
103.276,1,2.6687,2.6807
103.416,1,2.6651,2.6776
103.545,1,2.6616,2.6744
103.669,1,2.6581,2.6712
103.780,1,2.6547,2.6679
103.928,1,2.6513,2.6646
104.034,1,2.6447,2.6606
104.167,1,2.6414,2.6568
104.293,1,2.6414,2.6537
104.409,1,2.6381,2.6506
104.539,1,2.6315,2.6467
104.652,1,2.6315,2.6437
104.790,1,2.6283,2.6406
104.917,1,2.6221,2.6369
105.052,1,2.6187,2.6333
105.162,1,2.6152,2.6297
105.278,1,2.6117,2.6261
105.431,1,2.6117,2.6232
105.528,1,2.6082,2.6202
105.689,1,2.6048,2.6171
105.785,1,2.6014,2.6140
105.934,1,2.5980,2.6108
106.031,1,2.5914,2.6069
106.161,1,2.5914,2.6038
106.295,1,2.5847,2.6000
106.415,1,2.5814,2.5963
106.541,1,2.5814,2.5933
106.661,1,2.5751,2.5897
106.804,1,2.5719,2.5861
106.929,1,2.5720,2.5833
107.034,1,2.5686,2.5803
107.180,1,2.5617,2.5766
107.298,1,2.5617,2.5736
107.426,1,2.5582,2.5705
107.551,1,2.5512,2.5667
107.684,1,2.5478,2.5629
107.800,1,2.5478,2.5599
107.930,1,2.5445,2.5568
108.059,1,2.5412,2.5537
108.177,1,2.5345,2.5498
108.302,1,2.5345,2.5468
108.426,1,2.5281,2.5430
108.551,1,2.5249,2.5394
108.686,1,2.5218,2.5359
108.807,1,2.5185,2.5324
108.932,1,2.5151,2.5289
109.069,1,2.5115,2.5255
109.190,1,2.5080,2.5220
109.307,1,2.5080,2.5192
109.434,1,2.5011,2.5156
109.559,1,2.5011,2.5127
109.703,1,2.4944,2.5090
109.809,1,2.4944,2.5061
109.942,1,2.4910,2.5031
110.082,1,2.4877,2.5000
110.184,1,2.4814,2.4963
110.316,1,2.4814,2.4933
110.437,1,2.4752,2.4897
110.564,1,2.4719,2.4861
110.701,1,2.4719,2.4833
110.812,1,2.4685,2.4803
110.960,1,2.4650,2.4773
111.064,1,2.4580,2.4734
111.218,1,2.4580,2.4703
111.316,1,2.4511,2.4665
111.460,1,2.4511,2.4634
111.581,1,2.4444,2.4596
111.707,1,2.4444,2.4566
111.833,1,2.4411,2.4535
111.969,1,2.4376,2.4503
112.073,1,2.4312,2.4465
112.214,1,2.4312,2.4434
112.334,1,2.4249,2.4397
112.466,1,2.4217,2.4361
112.589,1,2.4217,2.4332
112.710,1,2.4147,2.4295
112.855,1,2.4112,2.4259
112.955,1,2.4077,2.4222
113.081,1,2.4042,2.4186
113.219,1,2.4042,2.4157
113.347,1,2.4007,2.4127
113.465,1,2.3974,2.4097
113.585,1,2.3907,2.4059
113.717,1,2.3874,2.4022
113.837,1,2.3874,2.3992
113.953,1,2.3841,2.3962
114.103,1,2.3808,2.3931
114.201,1,2.3743,2.3893
114.345,1,2.3745,2.3864
114.457,1,2.3678,2.3827
114.601,1,2.3679,2.3797
114.725,1,2.3610,2.3760
114.856,1,2.3609,2.3729
114.974,1,2.3573,2.3698
115.115,1,2.3536,2.3666
115.217,1,2.3468,2.3626
115.359,1,2.3434,2.3588
115.467,1,2.3435,2.3557
115.600,1,2.3373,2.3520
115.729,1,2.3371,2.3491
115.855,1,2.3308,2.3454
115.982,1,2.3278,2.3419
116.099,1,2.3250,2.3385
116.237,1,2.3249,2.3358
116.349,1,2.3184,2.3323
116.487,1,2.3182,2.3295
116.629,1,2.3152,2.3266
116.719,1,2.3117,2.3236
116.869,1,2.3086,2.3206
116.995,1,2.3022,2.3169
117.119,1,2.3018,2.3139
117.254,1,2.2984,2.3108
117.350,1,2.2950,2.3077
117.488,1,2.2917,2.3045
117.627,1,2.2884,2.3013
117.748,1,2.2851,2.2980
117.865,1,2.2823,2.2949
117.998,1,2.2761,2.2911
118.118,1,2.2759,2.2881
118.250,1,2.2729,2.2850
118.375,1,2.2668,2.2814
118.502,1,2.2630,2.2777
118.628,1,2.2630,2.2748
118.770,1,2.2592,2.2717
118.870,1,2.2523,2.2678
119.033,1,2.2493,2.2641
119.119,1,2.2457,2.2604
119.271,1,2.2459,2.2575
119.391,1,2.2423,2.2545
119.523,1,2.2394,2.2514
119.639,1,2.2359,2.2483
119.768,1,2.2328,2.2452
119.885,1,2.2297,2.2421
120.020,1,2.2261,2.2389
120.141,1,2.2234,2.2358
120.270,1,2.2197,2.2326
120.383,1,2.2131,2.2287
120.531,1,2.2097,2.2249
120.655,1,2.2057,2.2211
120.782,1,2.2025,2.2174
120.886,1,2.1993,2.2137
121.030,1,2.1993,2.2108
121.167,1,2.1959,2.2079
121.279,1,2.1892,2.2041
121.421,1,2.1895,2.2012
121.535,1,2.1830,2.1976
121.667,1,2.1798,2.1940
121.796,1,2.1769,2.1906
121.912,1,2.1739,2.1873
122.034,1,2.1706,2.1839
122.169,1,2.1706,2.1813
122.317,1,2.1630,2.1776
122.405,1,2.1632,2.1747
122.554,1,2.1596,2.1717
122.678,1,2.1529,2.1680
122.808,1,2.1498,2.1643
122.927,1,2.1464,2.1607
123.057,1,2.1430,2.1572
123.170,1,2.1397,2.1537
123.320,1,2.1399,2.1509
123.424,1,2.1330,2.1474
123.577,1,2.1331,2.1445
123.673,1,2.1266,2.1409
123.822,1,2.1267,2.1381
123.933,1,2.1203,2.1345
124.056,1,2.1171,2.1310
124.199,1,2.1136,2.1275
124.314,1,2.1100,2.1240
124.437,1,2.1069,2.1206
124.569,1,2.1071,2.1179
124.698,1,2.1035,2.1150
124.830,1,2.0965,2.1113
124.948,1,2.0933,2.1077
125.076,1,2.0933,2.1048
125.186,1,2.0898,2.1018
125.327,1,2.0863,2.0987
125.445,1,2.0795,2.0949
125.582,1,2.0798,2.0919
125.723,1,2.0737,2.0882
125.823,1,2.0704,2.0847
125.968,1,2.0705,2.0818
126.066,1,2.0632,2.0781
126.207,1,2.0633,2.0751
126.337,1,2.0560,2.0713
126.455,1,2.0560,2.0682
126.584,1,2.0490,2.0644
126.720,1,2.0492,2.0614
126.828,1,2.0458,2.0582
126.955,1,2.0424,2.0551
127.084,1,2.0363,2.0513
127.213,1,2.0364,2.0483
127.337,1,2.0332,2.0453
127.464,1,2.0301,2.0423
127.591,1,2.0268,2.0392
127.731,1,2.0200,2.0353
127.859,1,2.0201,2.0323
127.960,1,2.0130,2.0284
128.102,1,2.0131,2.0254
128.245,1,2.0060,2.0215
128.341,1,2.0022,2.0176
128.492,1,1.9988,2.0139
128.607,1,1.9992,2.0109
128.726,1,1.9956,2.0079
128.875,1,1.9881,2.0039
128.984,1,1.9848,2.0001
129.127,1,1.9852,1.9971
129.232,1,1.9823,1.9942
129.360,1,1.9759,1.9905
129.483,1,1.9723,1.9869
129.634,1,1.9723,1.9840
129.739,1,1.9689,1.9810
129.872,1,1.9652,1.9778
129.997,1,1.9579,1.9738
130.147,1,1.9581,1.9707
130.230,1,1.9580,1.9681
130.385,1,1.9508,1.9647
130.495,1,1.9434,1.9604
130.638,1,1.9437,1.9571
130.751,1,1.9368,1.9530
130.874,1,1.9335,1.9491
131.021,1,1.9335,1.9460
131.122,1,1.9272,1.9422
131.268,1,1.9239,1.9386
131.381,1,1.9239,1.9356
131.526,1,1.9173,1.9320
131.634,1,1.9137,1.9283
131.759,1,1.9101,1.9247
131.885,1,1.9102,1.9218
132.018,1,1.9067,1.9187
132.142,1,1.9032,1.9156
132.254,1,1.8999,1.9125
132.396,1,1.8965,1.9093
132.530,1,1.8932,1.9061
132.634,1,1.8898,1.9028
132.766,1,1.8865,1.8996
132.901,1,1.8802,1.8957
133.029,1,1.8772,1.8920
133.142,1,1.8742,1.8884
133.271,1,1.8743,1.8856
133.403,1,1.8710,1.8827
133.520,1,1.8677,1.8797
133.649,1,1.8642,1.8766
133.777,1,1.8608,1.8734
133.902,1,1.8572,1.8702
134.028,1,1.8538,1.8669
134.154,1,1.8470,1.8629
134.272,1,1.8438,1.8591
134.408,1,1.8438,1.8560
134.531,1,1.8371,1.8522
134.645,1,1.8336,1.8485
134.788,1,1.8336,1.8455
134.905,1,1.8255,1.8415
135.027,1,1.8213,1.8375
135.161,1,1.8213,1.8342
135.300,1,1.8172,1.8308
135.398,1,1.8130,1.8273
135.553,1,1.8046,1.8227
135.645,1,1.8046,1.8191
135.779,1,1.8003,1.8153
135.920,1,1.7961,1.8115
136.033,1,1.7923,1.8077
136.155,1,1.7884,1.8038
136.294,1,1.7843,1.7999
136.416,1,1.7803,1.7960
136.535,1,1.7763,1.7920
136.673,1,1.7724,1.7881
136.791,1,1.7646,1.7834
136.914,1,1.7647,1.7797
137.029,1,1.7609,1.7759
137.171,1,1.7528,1.7713
137.291,1,1.7528,1.7676
137.422,1,1.7444,1.7630
137.539,1,1.7444,1.7592
137.664,1,1.7364,1.7547
137.786,1,1.7364,1.7510
137.925,1,1.7328,1.7474
138.048,1,1.7250,1.7429
138.182,1,1.7250,1.7393
138.286,1,1.7171,1.7349
138.425,1,1.7171,1.7313
138.533,1,1.7135,1.7278
138.676,1,1.7100,1.7242
138.789,1,1.7023,1.7198
138.908,1,1.7026,1.7164
139.059,1,1.6955,1.7122
139.163,1,1.6955,1.7089
139.305,1,1.6926,1.7056
139.423,1,1.6897,1.7024
139.553,1,1.6867,1.6993
139.672,1,1.6840,1.6962
139.813,1,1.6813,1.6932
139.940,1,1.6785,1.6903
140.039,1,1.6758,1.6874
140.181,1,1.6705,1.6840
140.297,1,1.6708,1.6814
140.427,1,1.6656,1.6782
140.546,1,1.6656,1.6757
140.690,1,1.6630,1.6731
140.789,1,1.6607,1.6706
140.930,1,1.6581,1.6681
141.060,1,1.6524,1.6650
141.182,1,1.6495,1.6619
141.308,1,1.6495,1.6594
141.433,1,1.6437,1.6563
141.553,1,1.6408,1.6532
141.684,1,1.6408,1.6507
141.819,1,1.6381,1.6482
141.925,1,1.6354,1.6456
142.056,1,1.6301,1.6425
142.183,1,1.6303,1.6401
142.314,1,1.6248,1.6370
142.432,1,1.6223,1.6341
142.575,1,1.6198,1.6312
142.666,1,1.6173,1.6284
142.813,1,1.6173,1.6262
142.926,1,1.6146,1.6239
143.070,1,1.6087,1.6208
143.176,1,1.6057,1.6178
143.325,1,1.6027,1.6148
143.429,1,1.6028,1.6124
143.565,1,1.5999,1.6099
143.680,1,1.5940,1.6067
143.822,1,1.5940,1.6042
143.938,1,1.5908,1.6015
144.068,1,1.5875,1.5987
144.194,1,1.5843,1.5958
144.316,1,1.5781,1.5923
144.452,1,1.5749,1.5888
144.561,1,1.5749,1.5860
144.711,1,1.5682,1.5825
144.803,1,1.5647,1.5789
144.937,1,1.5611,1.5754
145.080,1,1.5611,1.5725
145.190,1,1.5540,1.5688
145.312,1,1.5540,1.5658
145.439,1,1.5469,1.5620
145.573,1,1.5469,1.5590
145.697,1,1.5400,1.5552
145.836,1,1.5366,1.5515
145.930,1,1.5366,1.5485
146.080,1,1.5333,1.5455
146.193,1,1.5270,1.5418
146.336,1,1.5239,1.5382
146.454,1,1.5239,1.5354
146.589,1,1.5207,1.5324
146.692,1,1.5136,1.5287
146.831,1,1.5101,1.5249
146.947,1,1.5064,1.5212
147.087,1,1.5065,1.5183
147.203,1,1.4994,1.5145
147.350,1,1.4961,1.5108
147.440,1,1.4961,1.5079
147.582,1,1.4894,1.5042
147.692,1,1.4895,1.5012
147.825,1,1.4861,1.4982
147.983,1,1.4829,1.4952
148.067,1,1.4797,1.4921
148.223,1,1.4732,1.4883
148.330,1,1.4697,1.4846
148.468,1,1.4663,1.4809
148.589,1,1.4629,1.4773
148.702,1,1.4593,1.4737
148.845,1,1.4558,1.4701
148.953,1,1.4558,1.4673
149.087,1,1.4524,1.4643
149.224,1,1.4489,1.4612
149.345,1,1.4453,1.4580
149.476,1,1.4420,1.4548
149.602,1,1.4352,1.4509
149.727,1,1.4354,1.4478
149.839,1,1.4290,1.4441
149.976,1,1.4290,1.4410
150.089,1,1.4258,1.4380
150.222,1,1.4227,1.4349
150.351,1,1.4198,1.4319
150.462,1,1.4166,1.4288
150.614,1,1.4098,1.4250
150.733,1,1.4063,1.4213
150.844,1,1.4030,1.4176
150.979,1,1.4032,1.4147
151.096,1,1.3961,1.4110
151.234,1,1.3964,1.4081
151.359,1,1.3933,1.4051
151.489,1,1.3899,1.4021
151.617,1,1.3870,1.3991
151.743,1,1.3806,1.3954
151.853,1,1.3806,1.3924
152.006,1,1.3775,1.3894
152.112,1,1.3744,1.3864
152.228,1,1.3710,1.3833
152.373,1,1.3640,1.3795
152.494,1,1.3605,1.3757
152.608,1,1.3606,1.3727
152.781,1,1.3538,1.3689
152.844,1,1.3539,1.3659
152.997,1,1.3504,1.3628
153.129,1,1.3438,1.3590
153.260,1,1.3405,1.3553
153.362,1,1.3373,1.3517
153.494,1,1.3341,1.3482
153.627,1,1.3343,1.3454
153.763,1,1.3311,1.3425
153.856,1,1.3245,1.3389
154.012,1,1.3247,1.3361
154.117,1,1.3175,1.3324
154.254,1,1.3141,1.3287
154.367,1,1.3144,1.3258
154.505,1,1.3074,1.3222
154.625,1,1.3074,1.3192
154.756,1,1.3039,1.3161
154.886,1,1.2972,1.3124
155.006,1,1.2939,1.3087
155.127,1,1.2907,1.3051
155.267,1,1.2876,1.3016
155.364,1,1.2878,1.2988
155.512,1,1.2846,1.2960
155.633,1,1.2816,1.2931
155.767,1,1.2789,1.2903
155.913,1,1.2758,1.2874
156.000,1,1.2694,1.2838
156.134,1,1.2696,1.2809
156.271,1,1.2630,1.2774
156.392,1,1.2600,1.2739
156.526,1,1.2601,1.2711
156.654,1,1.2535,1.2676
156.771,1,1.2536,1.2648
156.917,1,1.2470,1.2613
157.009,1,1.2437,1.2577
157.174,1,1.2407,1.2543
157.277,1,1.2408,1.2516
157.408,1,1.2343,1.2482
157.535,1,1.2309,1.2447
157.667,1,1.2279,1.2413
157.794,1,1.2248,1.2380
157.907,1,1.2221,1.2349
158.044,1,1.2187,1.2316
158.157,1,1.2153,1.2284
158.298,1,1.2119,1.2251
158.411,1,1.2121,1.2225
158.541,1,1.2049,1.2190
158.670,1,1.2051,1.2162
158.777,1,1.1978,1.2125
158.921,1,1.1986,1.2097
159.036,1,1.1954,1.2069
159.170,1,1.1882,1.2031
159.316,1,1.1849,1.1995
159.422,1,1.1853,1.1966
159.553,1,1.1820,1.1937
159.679,1,1.1754,1.1900
159.814,1,1.1721,1.1865
159.922,1,1.1722,1.1836
160.059,1,1.1690,1.1807
160.187,1,1.1619,1.1769
160.322,1,1.1622,1.1740
160.438,1,1.1585,1.1709
160.563,1,1.1509,1.1669
160.691,1,1.1512,1.1637
160.822,1,1.1477,1.1605
160.963,1,1.1442,1.1573
161.061,1,1.1408,1.1540
161.201,1,1.1375,1.1507
161.335,1,1.1307,1.1467
161.456,1,1.1275,1.1428
161.593,1,1.1239,1.1390
161.708,1,1.1203,1.1353
161.827,1,1.1169,1.1316
161.951,1,1.1131,1.1279
162.082,1,1.1132,1.1250
162.220,1,1.1059,1.1212
162.346,1,1.1062,1.1182
162.466,1,1.1025,1.1150
162.604,1,1.0989,1.1118
162.725,1,1.0951,1.1085
162.863,1,1.0874,1.1042
162.981,1,1.0878,1.1010
163.096,1,1.0810,1.0970
163.232,1,1.0775,1.0931
163.348,1,1.0778,1.0900
163.478,1,1.0706,1.0861
163.604,1,1.0711,1.0831
163.737,1,1.0677,1.0801
163.864,1,1.0644,1.0769
163.989,1,1.0569,1.0729
164.102,1,1.0530,1.0689
164.246,1,1.0535,1.0658
164.368,1,1.0459,1.0618
164.490,1,1.0423,1.0579
164.625,1,1.0386,1.0541
164.748,1,1.0388,1.0510
164.859,1,1.0317,1.0471
165.011,1,1.0320,1.0441
165.128,1,1.0286,1.0410
165.253,1,1.0216,1.0371
165.399,1,1.0183,1.0334
165.496,1,1.0150,1.0297
165.633,1,1.0118,1.0261
165.761,1,1.0085,1.0226
165.889,1,1.0049,1.0190
166.028,1,1.0051,1.0163
166.128,1,0.9977,1.0126
166.265,1,0.9941,1.0089
166.400,1,0.9942,1.0059
166.522,1,0.9871,1.0022
166.656,1,0.9834,0.9984
166.753,1,0.9837,0.9955
166.914,1,0.9801,0.9924
167.018,1,0.9763,0.9892
167.172,1,0.9729,0.9859
167.290,1,0.9696,0.9827
167.407,1,0.9627,0.9787
167.545,1,0.9630,0.9755
167.665,1,0.9557,0.9716
167.791,1,0.9520,0.9676
167.918,1,0.9483,0.9638
168.059,1,0.9447,0.9600
168.193,1,0.9409,0.9561
168.296,1,0.9413,0.9532
168.434,1,0.9327,0.9491
