Time,BoxID,Marker_X,Marker_Y
1.180,0,2.1126,2.5792
1.236,0,2.1126,2.5792
1.292,0,2.1126,2.5792
1.347,0,2.1126,2.5792
1.403,0,2.1126,2.5792
1.458,0,2.1126,2.5792
1.510,0,2.1126,2.5792
1.564,0,2.1126,2.5792
1.620,0,2.1126,2.5792
1.676,0,2.1126,2.5792
1.796,0,2.1126,2.5792
1.943,0,2.1126,2.5792
2.050,0,2.1126,2.5792
2.197,0,2.1126,2.5792
2.298,0,2.1126,2.5792
2.443,0,2.1126,2.5792
2.557,0,2.1126,2.5792
2.702,0,2.1126,2.5792
2.818,0,2.1126,2.5792
2.964,0,2.1126,2.5792
3.087,0,2.1126,2.5792
3.194,0,2.1126,2.5792
3.344,0,2.1126,2.5792
3.463,0,2.1126,2.5792
3.610,0,2.1126,2.5792
3.728,0,2.1126,2.5792
3.873,0,2.1126,2.5792
3.978,0,2.1126,2.5792
4.125,0,2.1126,2.5792
4.262,0,2.1126,2.5792
4.385,0,2.1126,2.5792
4.528,0,2.1126,2.5792
4.662,0,2.1126,2.5792
4.782,0,2.1126,2.5792
4.894,0,2.1126,2.5792
5.053,0,2.1126,2.5792
5.148,0,2.1126,2.5792
5.297,0,2.1126,2.5792
5.429,0,2.1126,2.5792
5.529,0,2.1126,2.5792
5.674,0,2.1126,2.5792
5.794,0,2.1126,2.5792
5.913,0,2.1126,2.5792
6.050,0,2.1126,2.5792
6.167,0,2.1126,2.5792
6.299,0,2.1126,2.5792
6.425,0,2.1126,2.5792
6.584,0,2.1126,2.5792
6.679,0,2.1126,2.5792
6.807,0,2.1126,2.5792
6.931,0,2.1126,2.5792
7.076,0,2.1126,2.5792
7.186,0,2.1126,2.5792
7.305,0,2.1126,2.5792
7.517,0,2.1126,2.5792
7.566,0,2.1126,2.5792
7.645,0,2.1126,2.5792
7.757,0,2.1126,2.5792
7.872,0,2.1126,2.5792
7.985,0,2.1126,2.5792
8.102,0,2.1126,2.5792
8.222,0,2.1126,2.5792
8.334,0,2.1126,2.5792
8.445,0,2.1126,2.5792
8.562,0,2.1126,2.5792
8.675,0,2.1126,2.5792
8.787,0,2.1126,2.5792
8.901,0,2.1126,2.5792
9.112,0,2.1126,2.5792
9.164,0,2.1126,2.5792
9.255,0,2.1126,2.5792
9.362,0,2.1126,2.5792
9.484,0,2.1126,2.5792
9.643,0,2.1126,2.5792
9.755,0,2.1127,2.5793
9.883,0,2.1127,2.5794
10.029,0,2.1128,2.5796
10.150,0,2.1128,2.5796
10.283,0,2.1129,2.5797
10.404,0,2.1129,2.5797
10.547,0,2.1129,2.5798
10.660,0,2.1129,2.5798
10.792,0,2.1129,2.5798
10.941,0,2.1129,2.5798
11.063,0,2.1129,2.5798
11.198,0,2.1130,2.5798
11.309,0,2.1130,2.5798
11.458,0,2.1130,2.5798
11.580,0,2.1130,2.5798
11.705,0,2.1130,2.5798
11.835,0,2.1130,2.5798
11.964,0,2.1130,2.5798
12.074,0,2.1130,2.5798
12.204,0,2.1130,2.5798
12.343,0,2.1130,2.5798
12.483,0,2.1130,2.5798
12.602,0,2.1130,2.5798
12.741,0,2.1130,2.5798
12.847,0,2.1130,2.5798
12.998,0,2.1130,2.5798
13.100,0,2.1130,2.5798
13.228,0,2.1130,2.5798
13.357,0,2.1130,2.5798
13.486,0,2.1130,2.5798
13.595,0,2.1130,2.5798
13.809,0,2.1130,2.5798
13.864,0,2.1130,2.5798
13.977,0,2.1130,2.5798
14.104,0,2.1130,2.5798
14.231,0,2.1130,2.5798
14.365,0,2.1130,2.5798
14.501,0,2.1130,2.5798
14.609,0,2.1130,2.5798
14.728,0,2.1130,2.5798
14.881,0,2.1130,2.5798
14.979,0,2.1130,2.5798
15.193,0,2.1130,2.5798
15.249,0,2.1130,2.5798
15.343,0,2.1130,2.5798
15.453,0,2.1130,2.5798
15.663,0,2.1130,2.5798
15.718,0,2.1130,2.5798
15.812,0,2.1130,2.5798
15.964,0,2.1130,2.5798
16.093,0,2.1130,2.5798
16.206,0,2.1130,2.5798
16.332,0,2.1130,2.5798
16.467,0,2.1130,2.5798
16.577,0,2.1130,2.5798
16.701,0,2.1130,2.5798
16.827,0,2.1130,2.5798
17.031,0,2.1130,2.5798
17.083,0,2.1130,2.5798
17.178,0,2.1130,2.5798
17.318,0,2.1130,2.5798
17.444,0,2.1130,2.5798
17.568,0,2.1130,2.5798
17.716,0,2.1130,2.5798
17.842,0,2.1130,2.5798
17.944,0,2.1130,2.5798
18.095,0,2.1130,2.5798
18.284,0,2.1130,2.5798
18.338,0,2.1130,2.5798
18.441,0,2.1130,2.5798
18.570,0,2.1130,2.5798
18.716,0,2.1130,2.5798
18.818,0,2.1130,2.5798
18.966,0,2.1130,2.5798
19.079,0,2.1130,2.5798
19.209,0,2.1130,2.5798
19.344,0,2.1130,2.5798
19.464,0,2.1130,2.5798
19.591,0,2.1130,2.5798
19.731,0,2.1130,2.5798
19.846,0,2.1130,2.5798
20.041,0,2.1130,2.5798
20.091,0,2.1130,2.5798
20.173,0,2.1130,2.5798
20.294,0,2.1130,2.5798
20.417,0,2.1130,2.5798
20.543,0,2.1130,2.5798
20.687,0,2.1130,2.5798
20.804,0,2.1130,2.5798
20.924,0,2.1130,2.5798
21.070,0,2.1130,2.5798
21.196,0,2.1130,2.5798
21.324,0,2.1130,2.5798
21.465,0,2.1130,2.5798
21.560,0,2.1130,2.5798
21.706,0,2.1130,2.5798
21.821,0,2.1130,2.5798
21.948,0,2.1130,2.5798
22.096,0,2.1130,2.5798
22.284,0,2.1130,2.5798
22.338,0,2.1130,2.5798
22.439,0,2.1130,2.5798
22.556,0,2.1130,2.5798
22.697,0,2.1130,2.5798
22.826,0,2.1130,2.5798
22.939,0,2.1130,2.5798
23.070,0,2.1130,2.5798
23.236,0,2.1130,2.5798
23.343,0,2.1130,2.5798
23.471,0,2.1130,2.5798
23.593,0,2.1130,2.5798
23.739,0,2.1130,2.5798
23.855,0,2.1130,2.5798
23.993,0,2.1130,2.5798
24.098,0,2.1130,2.5798
24.247,0,2.1130,2.5798
24.354,0,2.1130,2.5798
24.508,0,2.1130,2.5798
24.626,0,2.1130,2.5798
24.761,0,2.1130,2.5798
24.868,0,2.1130,2.5798
25.003,0,2.1130,2.5798
25.120,0,2.1130,2.5798
25.254,0,2.1130,2.5798
25.398,0,2.1130,2.5798
25.502,0,2.1130,2.5798
25.637,0,2.1130,2.5798
25.760,0,2.1130,2.5798
25.889,0,2.1130,2.5798
26.023,0,2.1130,2.5798
26.165,0,2.1130,2.5798
26.281,0,2.1130,2.5798
26.404,0,2.1130,2.5798
26.528,0,2.1130,2.5798
26.654,0,2.1130,2.5798
26.962,0,2.1130,2.5798
27.014,0,2.1130,2.5798
27.071,0,2.1130,2.5798
27.123,0,2.1130,2.5798
27.229,0,2.1130,2.5798
27.343,0,2.1130,2.5798
27.465,0,2.1130,2.5798
27.604,0,2.1130,2.5798
27.749,0,2.1130,2.5798
27.869,0,2.1130,2.5798
28.011,0,2.1130,2.5798
28.127,0,2.1130,2.5798
28.246,0,2.1130,2.5798
28.391,0,2.1130,2.5798
28.522,0,2.1130,2.5798
28.665,0,2.1130,2.5798
28.779,0,2.1130,2.5798
28.897,0,2.1130,2.5798
29.045,0,2.1130,2.5798
29.179,0,2.1130,2.5798
29.305,0,2.1130,2.5798
29.437,0,2.1130,2.5798
29.547,0,2.1130,2.5798
29.683,0,2.1130,2.5798
29.791,0,2.1130,2.5798
29.998,0,2.1130,2.5798
30.049,0,2.1130,2.5798
30.132,0,2.1130,2.5798
30.272,0,2.1130,2.5798
30.399,0,2.1130,2.5798
30.542,0,2.1130,2.5798
30.735,0,2.1130,2.5798
30.786,0,2.1130,2.5798
30.869,0,2.1130,2.5798
30.986,0,2.1130,2.5798
31.156,0,2.1130,2.5798
31.276,0,2.1130,2.5798
31.423,0,2.1130,2.5798
31.532,0,2.1130,2.5798
31.676,0,2.1130,2.5798
31.797,0,2.1130,2.5798
31.914,0,2.1130,2.5798
32.121,0,2.1130,2.5798
32.172,0,2.1130,2.5798
32.256,0,2.1130,2.5798
32.371,0,2.1130,2.5798
32.484,0,2.1130,2.5798
32.707,0,2.1130,2.5798
32.766,0,2.1130,2.5798
32.885,0,2.1130,2.5798
33.010,0,2.1130,2.5798
33.160,0,2.1130,2.5798
33.263,0,2.1130,2.5798
33.403,0,2.1130,2.5798
33.535,0,2.1130,2.5798
33.665,0,2.1130,2.5798
33.812,0,2.1130,2.5798
33.924,0,2.1130,2.5798
34.066,0,2.1130,2.5798
34.187,0,2.1130,2.5798
34.331,0,2.1130,2.5798
34.635,0,2.1130,2.5798
34.693,0,2.1130,2.5798
34.750,0,2.1130,2.5798
34.816,0,2.1130,2.5798
34.961,0,2.1130,2.5798
35.100,0,2.1130,2.5798
35.227,0,2.1130,2.5798
35.347,0,2.1130,2.5798
35.504,0,2.1130,2.5798
35.626,0,2.1130,2.5798
35.786,0,2.1130,2.5798
35.908,0,2.1130,2.5798
36.053,0,2.1130,2.5798
36.172,0,2.1130,2.5798
36.313,0,2.1130,2.5798
36.445,0,2.1130,2.5798
36.567,0,2.1130,2.5798
36.686,0,2.1130,2.5798
36.838,0,2.1130,2.5798
36.950,0,2.1130,2.5798
37.093,0,2.1130,2.5798
37.235,0,2.1130,2.5798
37.361,0,2.1130,2.5798
37.470,0,2.1130,2.5798
37.603,0,2.1130,2.5798
37.733,0,2.1130,2.5798
37.876,0,2.1130,2.5798
37.991,0,2.1130,2.5798
38.124,0,2.1130,2.5798
38.260,0,2.1130,2.5798
38.382,0,2.1130,2.5798
38.541,0,2.1130,2.5798
38.664,0,2.1130,2.5798
38.782,0,2.1130,2.5798
38.918,0,2.1130,2.5798
39.039,0,2.1130,2.5798
39.180,0,2.1130,2.5798
39.327,0,2.1130,2.5798
39.453,0,2.1130,2.5798
39.582,0,2.1130,2.5798
39.699,0,2.1130,2.5798
39.847,0,2.1130,2.5798
39.960,0,2.1130,2.5798
40.114,0,2.1130,2.5798
40.253,0,2.1130,2.5798
40.360,0,2.1130,2.5798
40.493,0,2.1130,2.5798
40.642,0,2.1133,2.5804
40.763,0,2.1143,2.5822
40.898,0,2.1151,2.5836
41.020,0,2.1156,2.5845
41.153,0,2.1160,2.5851
41.283,0,2.1162,2.5856
41.427,0,2.1164,2.5859
41.543,0,2.1165,2.5861
41.680,0,2.1166,2.5863
41.804,0,2.1167,2.5864
41.940,0,2.1167,2.5864
42.062,0,2.1167,2.5865
42.217,0,2.1168,2.5865
42.326,0,2.1168,2.5866
42.458,0,2.1168,2.5866
42.581,0,2.1168,2.5866
42.710,0,2.1168,2.5866
42.876,0,2.1168,2.5866
42.994,0,2.1168,2.5866
43.114,0,2.1168,2.5866
43.266,0,2.1167,2.5858
43.380,0,2.1178,2.5830
43.532,0,2.1205,2.5789
43.648,0,2.1243,2.5753
43.794,0,2.1290,2.5729
43.923,0,2.1333,2.5706
44.061,0,2.1374,2.5691
44.215,0,2.1413,2.5677
44.325,0,2.1456,2.5665
44.461,0,2.1500,2.5662
44.585,0,2.1547,2.5659
44.730,0,2.1600,2.5666
44.874,0,2.1660,2.5677
45.003,0,2.1734,2.5701
45.144,0,2.1806,2.5724
45.268,0,2.1879,2.5759
45.406,0,2.1948,2.5795
45.543,0,2.2016,2.5832
45.827,0,2.2099,2.5887
45.957,0,2.2172,2.5932
46.164,0,2.2246,2.5976
46.818,0,2.2420,2.6095
46.970,0,2.2561,2.6194
47.070,0,2.2679,2.6278
116.261,1,5.4042,-1.8270
116.371,1,5.4037,-1.8269
116.500,1,5.4035,-1.8268
116.647,1,5.4035,-1.8269
116.786,1,5.4037,-1.8269
116.919,1,5.4039,-1.8271
117.053,1,5.4047,-1.8270
117.187,1,5.4053,-1.8270
117.309,1,5.4057,-1.8269
117.470,1,5.4060,-1.8269
117.578,1,5.4062,-1.8269
117.715,1,5.4063,-1.8269
117.844,1,5.4064,-1.8269
117.985,1,5.4065,-1.8269
118.108,1,5.4066,-1.8268
118.257,1,5.4066,-1.8268
118.393,1,5.4066,-1.8268
118.515,1,5.4067,-1.8268
118.650,1,5.4067,-1.8268
118.806,1,5.4067,-1.8268
118.952,1,5.4067,-1.8268
119.061,1,5.4066,-1.8261
119.191,1,5.4065,-1.8257
119.320,1,5.4068,-1.8254
119.464,1,5.4071,-1.8251
119.590,1,5.4073,-1.8250
119.721,1,5.4074,-1.8248
119.867,1,5.4075,-1.8248
120.025,1,5.4075,-1.8247
120.132,1,5.4076,-1.8246
120.259,1,5.4076,-1.8246
120.386,1,5.4076,-1.8246
120.520,1,5.4076,-1.8246
120.672,1,5.4076,-1.8245
120.808,1,5.4076,-1.8244
120.945,1,5.4076,-1.8243
121.059,1,5.4076,-1.8243
121.210,1,5.4076,-1.8243
121.340,1,5.4076,-1.8242
121.462,1,5.4076,-1.8242
121.596,1,5.4076,-1.8242
121.731,1,5.4076,-1.8242
121.861,1,5.4076,-1.8242
122.148,1,5.4076,-1.8242
122.269,1,5.4076,-1.8242
122.394,1,5.4076,-1.8242
122.543,1,5.4076,-1.8242
130.724,2,6.5762,2.1005
130.839,2,6.5766,2.1018
130.978,2,6.5772,2.1030
131.128,2,6.5782,2.1048
136.401,2,6.5857,2.1240
136.534,2,6.5909,2.1376
136.687,2,6.5947,2.1470
136.820,2,6.5977,2.1549
136.955,2,6.6004,2.1621
137.083,2,6.6022,2.1671
137.238,2,6.6039,2.1716
137.361,2,6.6051,2.1747
137.489,2,6.6063,2.1778
137.612,2,6.6072,2.1800
137.747,2,6.6081,2.1823
137.880,2,6.6093,2.1853
138.013,2,6.6101,2.1874
138.152,2,6.6107,2.1889
138.307,2,6.6112,2.1901
138.422,2,6.6115,2.1909
138.558,2,6.6120,2.1922
138.715,2,6.6124,2.1931
138.834,2,6.6130,2.1947
138.953,2,6.6140,2.1973
139.107,2,6.6147,2.1991
139.239,2,6.6156,2.2012
139.362,2,6.6162,2.2028
139.529,2,6.6169,2.2045
139.635,2,6.6174,2.2057
139.780,2,6.6181,2.2073
139.923,2,6.6185,2.2084
140.037,2,6.6193,2.2102
140.166,2,6.6204,2.2130
140.303,2,6.6212,2.2149
140.453,2,6.6221,2.2172
140.586,2,6.6227,2.2187
140.733,2,6.6231,2.2198
140.852,2,6.6235,2.2208
140.974,2,6.6238,2.2215
141.113,2,6.6240,2.2219
141.251,2,6.6243,2.2227
141.385,2,6.6245,2.2232
141.520,2,6.6246,2.2235
141.655,2,6.6247,2.2238
141.779,2,6.6248,2.2239
141.910,2,6.6248,2.2240
142.053,2,6.6249,2.2241
142.190,2,6.6249,2.2242
142.326,2,6.6249,2.2243
142.455,2,6.6250,2.2244
142.589,2,6.6250,2.2245
142.718,2,6.6251,2.2247
142.866,2,6.6251,2.2248
142.998,2,6.6252,2.2248
143.120,2,6.6252,2.2249
143.270,2,6.6252,2.2249
143.420,2,6.6252,2.2249
143.537,2,6.6253,2.2250
143.676,2,6.6254,2.2251
143.818,2,6.6255,2.2251
143.937,2,6.6257,2.2254
144.082,2,6.6258,2.2257
144.208,2,6.6259,2.2258
144.336,2,6.6261,2.2259
144.492,2,6.6262,2.2259
148.596,2,6.6343,2.2368
148.708,2,6.6399,2.2443
148.855,2,6.6439,2.2497
148.970,2,6.6466,2.2534
149.126,2,6.6486,2.2560
149.242,2,6.6499,2.2578
149.374,2,6.6509,2.2591
149.534,2,6.6516,2.2600
149.642,2,6.6520,2.2606
149.775,2,6.6523,2.2610
149.914,2,6.6526,2.2613
150.331,2,6.6527,2.2615
150.450,2,6.6528,2.2617
150.600,2,6.6529,2.2618
150.714,2,6.6530,2.2619
150.862,2,6.6531,2.2619
151.001,2,6.6533,2.2619
151.138,2,6.6536,2.2619
151.265,2,6.6538,2.2619
151.386,2,6.6540,2.2619
152.183,2,6.6559,2.2636
152.320,2,6.6573,2.2647
152.463,2,6.6585,2.2655
173.592,1,5.4044,-1.8226
173.729,1,5.4021,-1.8215
173.873,1,5.4005,-1.8208
174.007,1,5.3994,-1.8202
174.136,1,5.3986,-1.8199
174.287,1,5.3980,-1.8196
174.400,1,5.3977,-1.8194
174.534,1,5.3974,-1.8193
174.700,1,5.3972,-1.8192
174.812,1,5.3971,-1.8191
174.943,1,5.3970,-1.8191
175.095,1,5.3969,-1.8191
175.240,1,5.3969,-1.8190
175.347,1,5.3968,-1.8190
175.499,1,5.3968,-1.8190
175.645,1,5.3968,-1.8190
175.766,1,5.3968,-1.8190
175.899,1,5.3968,-1.8190
176.042,1,5.3968,-1.8190
176.162,1,5.3968,-1.8190
176.327,1,5.3968,-1.8190
176.457,1,5.3968,-1.8190
176.584,1,5.3968,-1.8190
176.711,1,5.3968,-1.8190
176.841,1,5.3968,-1.8190
176.972,1,5.3968,-1.8190
177.132,1,5.3968,-1.8190
177.245,1,5.3968,-1.8190
177.384,1,5.3968,-1.8190
177.531,1,5.3968,-1.8190
177.645,1,5.3968,-1.8190
177.781,1,5.3968,-1.8190
177.933,1,5.3968,-1.8190
178.064,1,5.3968,-1.8190
178.189,1,5.3968,-1.8190
178.341,1,5.3968,-1.8190
178.455,1,5.3968,-1.8190
178.603,1,5.3968,-1.8190
178.722,1,5.3968,-1.8190
178.864,1,5.3968,-1.8190
178.988,1,5.3968,-1.8190
179.149,1,5.3968,-1.8190
179.261,1,5.3968,-1.8190
179.405,1,5.3968,-1.8190
179.542,1,5.3968,-1.8190
179.682,1,5.3968,-1.8190
179.806,1,5.3968,-1.8190
179.950,1,5.3968,-1.8190
180.072,1,5.3968,-1.8190
180.202,1,5.3968,-1.8190
180.356,1,5.3968,-1.8190
180.479,1,5.3968,-1.8190
180.607,1,5.3968,-1.8190
180.748,1,5.3968,-1.8190
180.903,1,5.3968,-1.8190
181.040,1,5.3968,-1.8190
181.150,1,5.3968,-1.8190
181.309,1,5.3968,-1.8190
181.434,1,5.3968,-1.8190
181.561,1,5.3968,-1.8190
181.689,1,5.3968,-1.8190
181.823,1,5.3968,-1.8190
181.977,1,5.3968,-1.8190
182.105,1,5.3968,-1.8190
182.224,1,5.3968,-1.8190
182.374,1,5.3968,-1.8190
182.494,1,5.3968,-1.8190
182.628,1,5.3968,-1.8190
182.793,1,5.3967,-1.8191
182.898,1,5.3967,-1.8191
183.044,1,5.3967,-1.8192
183.177,1,5.3966,-1.8192
183.307,1,5.3966,-1.8193
183.457,1,5.3966,-1.8194
183.595,1,5.3965,-1.8194
183.713,1,5.3965,-1.8195
183.851,1,5.3965,-1.8196
184.016,1,5.3964,-1.8196
184.116,1,5.3964,-1.8197
184.273,1,5.3964,-1.8198
184.392,1,5.3963,-1.8199
184.538,1,5.3963,-1.8200
184.659,1,5.3961,-1.8208
184.810,1,5.3961,-1.8214
184.932,1,5.3960,-1.8218
185.087,1,5.3959,-1.8220
185.212,1,5.3959,-1.8222
185.351,1,5.3959,-1.8224
185.471,1,5.3959,-1.8225
185.606,1,5.3958,-1.8225
185.735,1,5.3958,-1.8226
185.886,1,5.3958,-1.8226
186.007,1,5.3958,-1.8226
186.162,1,5.3958,-1.8227
186.300,1,5.3958,-1.8227
186.424,1,5.3958,-1.8227
186.562,1,5.3958,-1.8227
186.707,1,5.3958,-1.8227
186.828,1,5.3958,-1.8227
186.961,1,5.3958,-1.8227
187.110,1,5.3958,-1.8227
187.220,1,5.3958,-1.8227
187.374,1,5.3958,-1.8227
202.542,1,5.3952,-1.8227
202.692,1,5.3947,-1.8226
202.814,1,5.3944,-1.8226
202.954,1,5.3941,-1.8226
203.101,1,5.3940,-1.8226
203.218,1,5.3938,-1.8226
203.359,1,5.3938,-1.8226
203.501,1,5.3937,-1.8226
203.627,1,5.3937,-1.8226
203.774,1,5.3936,-1.8226
203.915,1,5.3936,-1.8226
204.033,1,5.3936,-1.8226
204.171,1,5.3936,-1.8226
204.314,1,5.3936,-1.8226
204.437,1,5.3936,-1.8226
204.566,1,5.3936,-1.8226
204.733,1,5.3936,-1.8226
204.841,1,5.3936,-1.8226
204.976,1,5.3936,-1.8226
205.128,1,5.3936,-1.8226
205.241,1,5.3936,-1.8226
205.380,1,5.3936,-1.8226
205.533,1,5.3936,-1.8226
205.666,1,5.3936,-1.8226
205.800,1,5.3936,-1.8226
205.930,1,5.3936,-1.8226
206.053,1,5.3936,-1.8226
206.193,1,5.3936,-1.8226
206.331,1,5.3936,-1.8226
206.459,1,5.3936,-1.8226
206.618,1,5.3936,-1.8226
206.745,1,5.3936,-1.8226
206.866,1,5.3936,-1.8226
206.998,1,5.3936,-1.8226
207.151,1,5.3936,-1.8226
207.264,1,5.3936,-1.8226
207.420,1,5.3936,-1.8226
207.541,1,5.3936,-1.8226
207.681,1,5.3936,-1.8226
207.807,1,5.3936,-1.8226
207.974,1,5.3936,-1.8226
208.097,1,5.3936,-1.8226
208.226,1,5.3936,-1.8226
208.366,1,5.3936,-1.8226
208.487,1,5.3936,-1.8226
208.616,1,5.3936,-1.8226
208.766,1,5.3936,-1.8226
208.893,1,5.3936,-1.8226
209.048,1,5.3936,-1.8226
209.167,1,5.3936,-1.8226
209.287,1,5.3936,-1.8226
209.429,1,5.3936,-1.8226
209.567,1,5.3936,-1.8226
209.697,1,5.3936,-1.8226
209.841,1,5.3936,-1.8226
209.965,1,5.3936,-1.8226
210.106,1,5.3936,-1.8226
210.229,1,5.3936,-1.8226
210.364,1,5.3936,-1.8226
210.495,1,5.3936,-1.8226
210.636,1,5.3936,-1.8226
210.771,1,5.3936,-1.8226
210.907,1,5.3936,-1.8226
211.040,1,5.3936,-1.8226
211.190,1,5.3936,-1.8226
211.299,1,5.3936,-1.8226
211.453,1,5.3936,-1.8226
211.605,1,5.3936,-1.8226
211.711,1,5.3936,-1.8226
211.851,1,5.3936,-1.8226
211.997,1,5.3936,-1.8226
212.112,1,5.3936,-1.8226
212.266,1,5.3936,-1.8226
212.403,1,5.3936,-1.8226
212.520,1,5.3936,-1.8226
212.657,1,5.3936,-1.8226
212.812,1,5.3936,-1.8226
212.941,1,5.3936,-1.8226
213.068,1,5.3936,-1.8226
213.194,1,5.3936,-1.8226
213.341,1,5.3936,-1.8226
213.460,1,5.3936,-1.8226
213.597,1,5.3936,-1.8226
213.734,1,5.3936,-1.8226
213.865,1,5.3936,-1.8226
213.996,1,5.3936,-1.8226
214.145,1,5.3936,-1.8226
214.289,1,5.3936,-1.8226
214.400,1,5.3936,-1.8226
214.542,1,5.3936,-1.8226
214.688,1,5.3936,-1.8226
214.818,1,5.3936,-1.8226
214.944,1,5.3936,-1.8226
215.082,1,5.3936,-1.8226
215.233,1,5.3936,-1.8226
215.348,1,5.3936,-1.8226
215.480,1,5.3936,-1.8226
215.638,1,5.3936,-1.8226
215.758,1,5.3936,-1.8226
215.905,1,5.3936,-1.8226
216.024,1,5.3936,-1.8226
216.156,1,5.3936,-1.8226
216.294,1,5.3936,-1.8226
216.428,1,5.3936,-1.8226
216.561,1,5.3936,-1.8226
216.713,1,5.3936,-1.8226
216.849,1,5.3936,-1.8226
216.966,1,5.3936,-1.8226
217.118,1,5.3936,-1.8226
217.249,1,5.3936,-1.8226
217.373,1,5.3936,-1.8226
217.507,1,5.3936,-1.8225
217.644,1,5.3936,-1.8225
217.778,1,5.3936,-1.8224
217.930,1,5.3936,-1.8224
218.080,1,5.3936,-1.8224
218.194,1,5.3936,-1.8224
218.340,1,5.3936,-1.8224
218.458,1,5.3936,-1.8224
218.601,1,5.3936,-1.8224
218.725,1,5.3936,-1.8224
218.858,1,5.3936,-1.8224
218.989,1,5.3936,-1.8224
219.145,1,5.3936,-1.8224
219.272,1,5.3936,-1.8224
219.398,1,5.3936,-1.8224
219.539,1,5.3936,-1.8224
219.665,1,5.3936,-1.8224
219.796,1,5.3936,-1.8224
219.952,1,5.3935,-1.8224
220.063,1,5.3934,-1.8225
220.210,1,5.3933,-1.8225
220.338,1,5.3933,-1.8225
220.493,1,5.3933,-1.8225
220.625,1,5.3932,-1.8225
220.762,1,5.3932,-1.8225
220.879,1,5.3932,-1.8225
221.010,1,5.3932,-1.8225
221.145,1,5.3932,-1.8225
221.289,1,5.3932,-1.8225
221.419,1,5.3932,-1.8225
221.567,1,5.3932,-1.8222
221.702,1,5.3932,-1.8220
221.837,1,5.3932,-1.8218
221.969,1,5.3933,-1.8217
222.104,1,5.3933,-1.8216
222.232,1,5.3932,-1.8215
222.378,1,5.3932,-1.8215
222.505,1,5.3931,-1.8215
222.650,1,5.3931,-1.8214
222.782,1,5.3931,-1.8214
222.905,1,5.3931,-1.8214
223.068,1,5.3931,-1.8214
223.188,1,5.3931,-1.8214
223.316,1,5.3931,-1.8214
223.453,1,5.3931,-1.8214
223.585,1,5.3931,-1.8214
223.711,1,5.3931,-1.8214
223.878,1,5.3931,-1.8214
223.998,1,5.3931,-1.8214
224.121,1,5.3931,-1.8214
224.252,1,5.3930,-1.8214
224.412,1,5.3929,-1.8214
224.531,1,5.3929,-1.8214
224.666,1,5.3928,-1.8214
224.794,1,5.3928,-1.8214
224.931,1,5.3928,-1.8214
225.080,1,5.3927,-1.8214
225.203,1,5.3927,-1.8215
225.331,1,5.3926,-1.8215
225.466,1,5.3926,-1.8216
225.598,1,5.3925,-1.8217
225.729,1,5.3925,-1.8217
225.888,1,5.3925,-1.8218
225.999,1,5.3925,-1.8219
226.140,1,5.3925,-1.8219
226.293,1,5.3925,-1.8219
226.422,1,5.3924,-1.8219
226.542,1,5.3924,-1.8220
226.676,1,5.3924,-1.8220
226.816,1,5.3924,-1.8220
226.953,1,5.3924,-1.8220
227.084,1,5.3924,-1.8220
227.230,1,5.3924,-1.8220
227.348,1,5.3924,-1.8220
227.486,1,5.3924,-1.8220
227.647,1,5.3924,-1.8220
227.785,1,5.3923,-1.8221
227.915,1,5.3922,-1.8222
228.026,1,5.3922,-1.8223
228.180,1,5.3921,-1.8224
228.293,1,5.3921,-1.8224
228.428,1,5.3921,-1.8224
228.576,1,5.3921,-1.8224
228.711,1,5.3921,-1.8224
228.849,1,5.3919,-1.8223
228.964,1,5.3918,-1.8222
229.121,1,5.3918,-1.8221
229.248,1,5.3917,-1.8220
229.373,1,5.3917,-1.8220
229.534,1,5.3917,-1.8220
229.646,1,5.3916,-1.8220
229.783,1,5.3916,-1.8219
229.930,1,5.3916,-1.8219
230.068,1,5.3916,-1.8219
230.195,1,5.3916,-1.8219
230.334,1,5.3916,-1.8221
230.451,1,5.3915,-1.8222
230.587,1,5.3913,-1.8222
230.736,1,5.3912,-1.8223
230.861,1,5.3910,-1.8223
230.997,1,5.3908,-1.8223
231.124,1,5.3907,-1.8223
231.266,1,5.3906,-1.8224
231.412,1,5.3906,-1.8224
231.544,1,5.3905,-1.8224
231.664,1,5.3905,-1.8224
231.793,1,5.3905,-1.8224
231.939,1,5.3905,-1.8224
232.071,1,5.3905,-1.8224
232.199,1,5.3905,-1.8224
232.354,1,5.3905,-1.8224
232.478,1,5.3905,-1.8224
232.630,1,5.3905,-1.8224
232.737,1,5.3905,-1.8224
232.892,1,5.3904,-1.8224
233.025,1,5.3902,-1.8224
233.139,1,5.3901,-1.8222
233.274,1,5.3900,-1.8220
233.431,1,5.3900,-1.8220
233.541,1,5.3899,-1.8219
233.676,1,5.3899,-1.8218
233.806,1,5.3899,-1.8218
233.947,1,5.3898,-1.8218
234.100,1,5.3898,-1.8218
234.237,1,5.3898,-1.8219
234.379,1,5.3898,-1.8221
234.508,1,5.3897,-1.8221
234.619,1,5.3897,-1.8222
234.764,1,5.3897,-1.8222
234.883,1,5.3897,-1.8223
235.018,1,5.3897,-1.8223
235.148,1,5.3897,-1.8223
235.282,1,5.3897,-1.8223
235.417,1,5.3897,-1.8223
235.560,1,5.3896,-1.8223
235.684,1,5.3896,-1.8223
235.818,1,5.3895,-1.8223
235.971,1,5.3895,-1.8223
236.087,1,5.3895,-1.8223
236.242,1,5.3895,-1.8223
236.356,1,5.3895,-1.8223
236.486,1,5.3895,-1.8223
236.619,1,5.3895,-1.8223
236.764,1,5.3894,-1.8223
236.908,1,5.3893,-1.8223
237.019,1,5.3893,-1.8223
237.162,1,5.3892,-1.8223
237.297,1,5.3891,-1.8223
237.439,1,5.3890,-1.8223
237.584,1,5.3889,-1.8223
237.694,1,5.3889,-1.8223
237.830,1,5.3888,-1.8223
237.963,1,5.3888,-1.8223
238.098,1,5.3888,-1.8223
238.234,1,5.3887,-1.8223
238.373,1,5.3887,-1.8223
238.497,1,5.3886,-1.8223
238.658,1,5.3886,-1.8223
238.773,1,5.3886,-1.8223
238.900,1,5.3886,-1.8223
239.033,1,5.3886,-1.8223
239.168,1,5.3886,-1.8223
239.298,1,5.3886,-1.8223
239.435,1,5.3886,-1.8223
239.573,1,5.3886,-1.8223
239.699,1,5.3886,-1.8223
239.836,1,5.3886,-1.8223
239.977,1,5.3886,-1.8223
240.122,1,5.3886,-1.8223
240.259,1,5.3885,-1.8223
240.376,1,5.3885,-1.8223
240.502,1,5.3884,-1.8222
240.645,1,5.3884,-1.8222
240.793,1,5.3883,-1.8222
240.906,1,5.3881,-1.8222
241.045,1,5.3880,-1.8222
241.192,1,5.3879,-1.8222
241.303,1,5.3878,-1.8222
241.453,1,5.3878,-1.8222
241.588,1,5.3877,-1.8222
241.706,1,5.3877,-1.8222
241.844,1,5.3877,-1.8222
241.978,1,5.3875,-1.8222
242.116,1,5.3873,-1.8222
242.246,1,5.3872,-1.8222
242.393,1,5.3870,-1.8222
242.510,1,5.3869,-1.8222
242.644,1,5.3869,-1.8222
242.779,1,5.3868,-1.8222
242.921,1,5.3868,-1.8221
243.073,1,5.3867,-1.8221
243.197,1,5.3867,-1.8221
243.330,1,5.3867,-1.8221
243.453,1,5.3867,-1.8221
243.613,1,5.3867,-1.8221
243.730,1,5.3867,-1.8221
243.863,1,5.3867,-1.8221
243.994,1,5.3867,-1.8221
244.123,1,5.3867,-1.8221
244.258,1,5.3866,-1.8221
244.386,1,5.3865,-1.8221
244.531,1,5.3864,-1.8221
244.674,1,5.3864,-1.8221
244.818,1,5.3864,-1.8221
244.921,1,5.3864,-1.8221
245.053,1,5.3864,-1.8221
245.207,1,5.3863,-1.8221
245.335,1,5.3862,-1.8221
245.465,1,5.3861,-1.8221
245.623,1,5.3861,-1.8221
245.731,1,5.3860,-1.8221
245.874,1,5.3860,-1.8221
245.997,1,5.3860,-1.8221
246.144,1,5.3860,-1.8221
246.299,1,5.3858,-1.8221
246.396,1,5.3857,-1.8221
246.533,1,5.3857,-1.8221
246.690,1,5.3856,-1.8221
246.808,1,5.3855,-1.8221
246.940,1,5.3854,-1.8221
247.072,1,5.3854,-1.8221
247.208,1,5.3853,-1.8221
247.336,1,5.3853,-1.8221
247.490,1,5.3853,-1.8221
247.613,1,5.3853,-1.8221
247.749,1,5.3853,-1.8221
247.900,1,5.3852,-1.8221
248.013,1,5.3851,-1.8220
248.151,1,5.3850,-1.8220
248.276,1,5.3849,-1.8220
248.434,1,5.3847,-1.8220
248.550,1,5.3846,-1.8220
248.675,1,5.3845,-1.8220
248.812,1,5.3842,-1.8220
248.957,1,5.3840,-1.8220
249.087,1,5.3837,-1.8220
249.220,1,5.3835,-1.8219
249.360,1,5.3834,-1.8219
249.493,1,5.3833,-1.8219
249.610,1,5.3832,-1.8219
249.765,1,5.3832,-1.8219
249.883,1,5.3831,-1.8219
250.027,1,5.3831,-1.8219
250.153,1,5.3831,-1.8219
250.283,1,5.3831,-1.8218
250.427,1,5.3830,-1.8217
250.549,1,5.3830,-1.8217
250.691,1,5.3830,-1.8216
250.835,1,5.3829,-1.8216
250.950,1,5.3828,-1.8216
251.088,1,5.3826,-1.8216
251.226,1,5.3824,-1.8216
251.348,1,5.3823,-1.8216
251.493,1,5.3822,-1.8217
251.635,1,5.3821,-1.8217
251.751,1,5.3821,-1.8217
251.898,1,5.3821,-1.8217
252.043,1,5.3820,-1.8217
252.160,1,5.3819,-1.8217
252.307,1,5.3819,-1.8218
252.434,1,5.3817,-1.8218
252.568,1,5.3815,-1.8218
252.707,1,5.3813,-1.8218
252.823,1,5.3812,-1.8218
252.964,1,5.3810,-1.8219
253.089,1,5.3809,-1.8219
253.207,1,5.3808,-1.8219
253.426,1,5.3807,-1.8219
253.487,1,5.3807,-1.8219
253.591,1,5.3806,-1.8219
253.741,1,5.3806,-1.8219
253.849,1,5.3805,-1.8219
253.986,1,5.3805,-1.8219
254.119,1,5.3805,-1.8219
254.249,1,5.3805,-1.8219
254.383,1,5.3805,-1.8219
254.525,1,5.3804,-1.8219
254.652,1,5.3803,-1.8219
254.779,1,5.3802,-1.8219
254.920,1,5.3802,-1.8218
255.062,1,5.3802,-1.8218
255.180,1,5.3802,-1.8218
255.318,1,5.3800,-1.8218
255.450,1,5.3797,-1.8218
255.580,1,5.3794,-1.8219
255.731,1,5.3770,-1.8221
255.848,1,5.3753,-1.8222
255.986,1,5.3741,-1.8223
256.137,1,5.3732,-1.8224
256.267,1,5.3726,-1.8224
256.402,1,5.3722,-1.8225
256.520,1,5.3719,-1.8225
256.662,1,5.3717,-1.8225
256.794,1,5.3716,-1.8225
256.926,1,5.3715,-1.8226
257.080,1,5.3714,-1.8226
257.197,1,5.3713,-1.8226
257.331,1,5.3713,-1.8226
257.452,1,5.3713,-1.8226
257.584,1,5.3713,-1.8226
257.735,1,5.3712,-1.8226
257.864,1,5.3712,-1.8226
257.999,1,5.3712,-1.8226
258.119,1,5.3710,-1.8226
258.263,1,5.3708,-1.8226
258.395,1,5.3706,-1.8226
258.519,1,5.3705,-1.8226
258.671,1,5.3703,-1.8226
258.799,1,5.3702,-1.8226
258.942,1,5.3701,-1.8226
259.069,1,5.3700,-1.8226
259.194,1,5.3700,-1.8227
259.327,1,5.3699,-1.8227
259.471,1,5.3699,-1.8227
259.604,1,5.3699,-1.8227
259.720,1,5.3698,-1.8227
259.878,1,5.3697,-1.8226
259.998,1,5.3696,-1.8225
260.136,1,5.3694,-1.8224
260.270,1,5.3692,-1.8223
260.404,1,5.3688,-1.8223
260.528,1,5.3685,-1.8223
260.674,1,5.3683,-1.8222
260.821,1,5.3678,-1.8221
260.944,1,5.3670,-1.8221
261.079,1,5.3660,-1.8220
261.192,1,5.3645,-1.8220
261.355,1,5.3629,-1.8219
261.458,1,5.3613,-1.8219
261.594,1,5.3597,-1.8219
261.809,1,5.3582,-1.8219
261.869,1,5.3571,-1.8218
261.962,1,5.3557,-1.8218
262.104,1,5.3544,-1.8217
262.230,1,5.3532,-1.8217
262.373,1,5.3521,-1.8217
262.501,1,5.3513,-1.8216
262.653,1,5.3506,-1.8215
262.767,1,5.3500,-1.8215
262.901,1,5.3497,-1.8214
263.032,1,5.3494,-1.8213
263.194,1,5.3492,-1.8213
263.299,1,5.3491,-1.8213
263.429,1,5.3490,-1.8214
263.582,1,5.3489,-1.8214
263.705,1,5.3489,-1.8214
263.833,1,5.3488,-1.8215
263.968,1,5.3488,-1.8215
264.112,1,5.3488,-1.8215
264.241,1,5.3488,-1.8215
264.363,1,5.3488,-1.8215
264.493,1,5.3488,-1.8215
264.641,1,5.3488,-1.8215
264.774,1,5.3488,-1.8215
264.896,1,5.3488,-1.8215
265.042,1,5.3487,-1.8215
265.162,1,5.3487,-1.8215
265.316,1,5.3485,-1.8215
265.318,1,5.3371,-1.8315
265.434,1,5.3291,-1.8385
265.555,1,5.3235,-1.8434
265.703,1,5.3195,-1.8469
265.705,1,5.3168,-1.8493
265.818,1,5.3149,-1.8510
265.820,1,5.3135,-1.8522
265.955,1,5.3125,-1.8530
265.957,1,5.3119,-1.8536
266.095,1,5.3114,-1.8540
266.224,1,5.3109,-1.8543
266.227,1,5.3106,-1.8545
266.361,1,5.3103,-1.8548
266.500,1,5.3097,-1.8552
266.643,1,5.3093,-1.8556
266.750,1,5.3090,-1.8559
266.879,1,5.3087,-1.8561
267.028,1,5.3085,-1.8563
267.141,1,5.3083,-1.8565
267.294,1,5.3081,-1.8566
267.297,1,5.3080,-1.8567
267.417,1,5.3078,-1.8569
267.419,1,5.3075,-1.8569
267.555,1,5.3071,-1.8570
267.557,1,5.3069,-1.8571
267.689,1,5.3066,-1.8572
267.691,1,5.3061,-1.8569
267.806,1,5.3057,-1.8567
267.808,1,5.3053,-1.8565
267.954,1,5.3047,-1.8566
268.077,1,5.3041,-1.8568
268.200,1,5.3036,-1.8569
268.335,1,5.3033,-1.8569
268.492,1,5.3031,-1.8570
268.599,1,5.3030,-1.8570
268.734,1,5.3029,-1.8571
268.737,1,5.3028,-1.8571
268.883,1,5.3027,-1.8571
268.885,1,5.3027,-1.8571
268.996,1,5.3027,-1.8571
268.999,1,5.3027,-1.8571
269.129,1,5.3026,-1.8571
269.265,1,5.3024,-1.8573
269.399,1,5.3023,-1.8574
269.527,1,5.3022,-1.8575
269.663,1,5.3021,-1.8576
269.799,1,5.3019,-1.8578
269.940,1,5.3018,-1.8579
270.068,1,5.3016,-1.8581
270.201,1,5.3015,-1.8582
270.328,1,5.3014,-1.8583
270.463,1,5.3012,-1.8584
270.584,1,5.3011,-1.8586
270.733,1,5.3010,-1.8586
270.857,1,5.3008,-1.8588
270.980,1,5.3004,-1.8591
271.119,1,5.3001,-1.8593
271.270,1,5.2999,-1.8595
271.391,1,5.2997,-1.8596
271.525,1,5.2995,-1.8598
271.645,1,5.2994,-1.8599
271.774,1,5.2993,-1.8599
271.899,1,5.2992,-1.8600
272.057,1,5.2992,-1.8600
272.183,1,5.2991,-1.8601
272.307,1,5.2991,-1.8601
272.450,1,5.2990,-1.8602
272.565,1,5.2988,-1.8604
272.697,1,5.2986,-1.8605
272.841,1,5.2985,-1.8606
272.968,1,5.2985,-1.8607
273.104,1,5.2984,-1.8607
273.226,1,5.2984,-1.8607
273.366,1,5.2984,-1.8608
273.486,1,5.2983,-1.8608
273.637,1,5.2983,-1.8608
273.750,1,5.2983,-1.8608
273.899,1,5.2983,-1.8608
274.032,1,5.2983,-1.8608
274.157,1,5.2983,-1.8608
274.289,1,5.2983,-1.8608
274.416,1,5.2983,-1.8608
274.573,1,5.2983,-1.8608
274.700,1,5.2983,-1.8608
274.834,1,5.2983,-1.8608
274.945,1,5.2983,-1.8608
275.075,1,5.2983,-1.8608
275.234,1,5.2983,-1.8608
275.344,1,5.2983,-1.8608
275.492,1,5.2983,-1.8608
275.619,1,5.2982,-1.8609
275.755,1,5.2982,-1.8609
275.875,1,5.2981,-1.8609
276.026,1,5.2981,-1.8610
276.152,1,5.2981,-1.8610
276.270,1,5.2981,-1.8610
276.421,1,5.2981,-1.8610
276.547,1,5.2981,-1.8610
276.666,1,5.2981,-1.8610
276.805,1,5.2981,-1.8610
276.927,1,5.2981,-1.8610
277.056,1,5.2981,-1.8610
277.192,1,5.2981,-1.8610
277.321,1,5.2981,-1.8610
277.453,1,5.2981,-1.8610
277.596,1,5.2981,-1.8610
277.725,1,5.2967,-1.8596
277.843,1,5.2957,-1.8587
277.984,1,5.2950,-1.8580
278.114,1,5.2946,-1.8575
278.241,1,5.2942,-1.8572
278.387,1,5.2939,-1.8569
278.539,1,5.2937,-1.8568
278.648,1,5.2932,-1.8563
278.766,1,5.2926,-1.8558
278.918,1,5.2920,-1.8554
279.048,1,5.2916,-1.8551
279.164,1,5.2914,-1.8549
279.293,1,5.2911,-1.8548
279.425,1,5.2909,-1.8547
279.573,1,5.2908,-1.8547
279.701,1,5.2906,-1.8547
279.846,1,5.2905,-1.8548
279.966,1,5.2905,-1.8548
280.111,1,5.2903,-1.8549
280.225,1,5.2903,-1.8549
280.364,1,5.2902,-1.8549
280.487,1,5.2902,-1.8550
280.642,1,5.2901,-1.8550
280.755,1,5.2901,-1.8550
280.901,1,5.2901,-1.8550
281.011,1,5.2901,-1.8550
281.144,1,5.2901,-1.8550
281.286,1,5.2901,-1.8550
281.411,1,5.2901,-1.8550
281.541,1,5.2901,-1.8550
281.694,1,5.2901,-1.8550
281.820,1,5.2900,-1.8550
281.942,1,5.2900,-1.8550
282.082,1,5.2900,-1.8550
282.201,1,5.2900,-1.8550
282.327,1,5.2899,-1.8552
282.465,1,5.2899,-1.8558
282.595,1,5.2898,-1.8565
282.723,1,5.2898,-1.8573
282.868,1,5.2898,-1.8583
282.984,1,5.2898,-1.8593
283.125,1,5.2899,-1.8604
283.259,1,5.2900,-1.8615
283.385,1,5.2901,-1.8625
284.826,1,5.2899,-1.8679
284.963,1,5.2899,-1.8733
285.462,1,5.2903,-1.8798
285.624,1,5.2910,-1.8855
285.731,1,5.2918,-1.8905
285.858,1,5.2926,-1.8949
286.009,1,5.2933,-1.8992
286.807,1,5.2952,-1.9056
286.913,1,5.2971,-1.9110
287.047,1,5.2987,-1.9154
287.187,1,5.3003,-1.9194
287.308,1,5.3019,-1.9228
287.434,1,5.3033,-1.9258
287.580,1,5.3184,-1.9207
287.700,1,5.3296,-1.9176
287.833,1,5.3382,-1.9161
287.980,1,5.3448,-1.9156
288.110,1,5.3500,-1.9157
288.227,1,5.3544,-1.9163
288.388,1,5.3579,-1.9171
288.496,1,5.3611,-1.9182
288.626,1,5.3641,-1.9196
288.785,1,5.3666,-1.9209
288.895,1,5.3690,-1.9223
289.023,1,5.3714,-1.9238
289.153,1,5.3738,-1.9256
289.315,1,5.3763,-1.9275
289.417,1,5.3788,-1.9294
289.559,1,5.3815,-1.9315
289.684,1,5.3838,-1.9335
289.811,1,5.3864,-1.9357
346.083,3,5.5272,-7.9354
346.200,3,5.5284,-7.9361
346.339,3,5.5294,-7.9369
346.496,3,5.5300,-7.9378
346.881,3,5.5310,-7.9391
347.014,3,5.5316,-7.9401
347.137,3,5.5321,-7.9413
347.298,3,5.5331,-7.9430
347.403,3,5.5339,-7.9442
347.542,3,5.5350,-7.9456
347.699,3,5.5358,-7.9466
347.805,3,5.5364,-7.9473
348.606,3,5.5403,-7.9516
349.133,3,5.5431,-7.9547
349.535,3,5.5451,-7.9568
349.684,3,5.5464,-7.9583
349.808,3,5.5475,-7.9593
349.950,3,5.5483,-7.9599
350.084,3,5.5489,-7.9604
350.215,3,5.5494,-7.9607
350.344,3,5.5497,-7.9609
350.500,3,5.5500,-7.9611
350.611,3,5.5503,-7.9613
350.747,3,5.5505,-7.9615
350.884,3,5.5513,-7.9621
351.013,3,5.5518,-7.9625
351.164,3,5.5522,-7.9628
351.303,3,5.5525,-7.9630
351.418,3,5.5527,-7.9631
351.587,3,5.5529,-7.9632
351.690,3,5.5530,-7.9633
351.838,3,5.5531,-7.9634
351.979,3,5.5532,-7.9634
357.110,3,5.5608,-7.9676
357.264,3,5.5673,-7.9713
357.380,3,5.5719,-7.9738
357.512,3,5.5763,-7.9763
357.662,3,5.5794,-7.9781
357.794,3,5.5816,-7.9793
357.917,3,5.5837,-7.9805
358.089,3,5.5852,-7.9813
358.193,3,5.5870,-7.9824
358.326,3,5.5883,-7.9831
358.457,3,5.5900,-7.9840
358.592,3,5.5911,-7.9847
358.755,3,5.5926,-7.9855
358.876,3,5.5937,-7.9861
358.998,3,5.5944,-7.9866
359.129,3,5.5952,-7.9870
359.295,3,5.5957,-7.9873
359.402,3,5.5961,-7.9875
359.533,3,5.5964,-7.9877
359.684,3,5.5966,-7.9878
359.803,3,5.5967,-7.9879
359.969,3,5.5968,-7.9879
360.085,3,5.5969,-7.9880
360.214,3,5.5969,-7.9880
360.357,3,5.5970,-7.9880
360.477,3,5.5975,-7.9883
360.627,3,5.5979,-7.9885
360.761,3,5.5987,-7.9890
360.881,3,5.6005,-7.9900
361.030,3,5.6018,-7.9907
361.170,3,5.6033,-7.9916
361.285,3,5.6055,-7.9929
361.433,3,5.6071,-7.9937
361.561,3,5.6081,-7.9944
361.694,3,5.6091,-7.9949
361.820,3,5.6097,-7.9953
361.974,3,5.6108,-7.9959
362.104,3,5.6115,-7.9963
362.243,3,5.6128,-7.9970
362.370,3,5.6136,-7.9975
362.501,3,5.6149,-7.9982
362.640,3,5.6157,-7.9987
362.764,3,5.6163,-7.9990
362.920,3,5.6171,-7.9995
363.038,3,5.6176,-7.9998
363.169,3,5.6187,-8.0004
363.311,3,5.6195,-8.0008
363.453,3,5.6208,-8.0015
363.573,3,5.6216,-8.0021
363.716,3,5.6223,-8.0024
363.855,3,5.6229,-8.0028
363.984,3,5.6234,-8.0031
364.108,3,5.6243,-8.0036
364.259,3,5.6250,-8.0040
364.377,3,5.6262,-8.0046
364.513,3,5.6282,-8.0058
364.670,3,5.6308,-8.0073
365.443,3,5.6365,-8.0105
365.592,3,5.6404,-8.0127
365.731,3,5.6432,-8.0143
365.852,3,5.6452,-8.0154
366.021,3,5.6465,-8.0162
366.130,3,5.6475,-8.0168
366.260,3,5.6481,-8.0171
366.409,3,5.6486,-8.0174
366.536,3,5.6489,-8.0176
366.662,3,5.6492,-8.0177
366.825,3,5.6493,-8.0178
366.931,3,5.6494,-8.0179
367.086,3,5.6495,-8.0179
367.200,3,5.6501,-8.0183
367.356,3,5.6506,-8.0185
367.469,3,5.6509,-8.0187
367.617,3,5.6514,-8.0190
367.747,3,5.6517,-8.0192
367.873,3,5.6526,-8.0197
368.020,3,5.6533,-8.0201
368.156,3,5.6544,-8.0207
368.275,3,5.6552,-8.0211
368.428,3,5.6564,-8.0219
368.545,3,5.6573,-8.0223
368.682,3,5.6586,-8.0231
368.829,3,5.6595,-8.0236
368.953,3,5.6609,-8.0244
369.085,3,5.6618,-8.0249
369.254,3,5.6632,-8.0257
369.356,3,5.6642,-8.0263
369.488,3,5.6656,-8.0271
369.642,3,5.6666,-8.0276
369.767,3,5.6678,-8.0283
369.890,3,5.6687,-8.0288
370.054,3,5.6693,-8.0292
370.185,3,5.6700,-8.0296
370.314,3,5.6717,-8.0305
370.459,3,5.6729,-8.0312
370.566,3,5.6744,-8.0321
370.704,3,5.6755,-8.0327
370.849,3,5.6770,-8.0335
370.977,3,5.6780,-8.0341
371.103,3,5.6793,-8.0349
371.256,3,5.6803,-8.0354
371.378,3,5.6816,-8.0362
371.507,3,5.6825,-8.0367
371.661,3,5.6839,-8.0375
371.781,3,5.6849,-8.0381
371.912,3,5.6863,-8.0389
372.072,3,5.6873,-8.0394
372.191,3,5.6886,-8.0402
372.318,3,5.6907,-8.0413
372.464,3,5.6934,-8.0429
372.589,3,5.6966,-8.0447
372.730,3,5.6988,-8.0460
372.865,3,5.7011,-8.0473
372.988,3,5.7040,-8.0489
373.122,3,5.7060,-8.0501
373.270,3,5.7074,-8.0509
373.386,3,5.7086,-8.0515
373.531,3,5.7093,-8.0520
373.662,3,5.7099,-8.0523
373.790,3,5.7103,-8.0525
373.924,3,5.7119,-8.0534
374.071,3,5.7131,-8.0541
374.203,3,5.7146,-8.0550
374.331,3,5.7157,-8.0556
374.481,3,5.7173,-8.0565
374.596,3,5.7183,-8.0571
374.729,3,5.7191,-8.0575
374.885,3,5.7199,-8.0580
379.495,3,5.7205,-8.0583
379.651,3,5.7210,-8.0586
379.764,3,5.7213,-8.0588
379.896,3,5.7215,-8.0589
380.045,3,5.7223,-8.0593
380.176,3,5.7229,-8.0597
380.297,3,5.7233,-8.0599
380.450,3,5.7236,-8.0601
380.577,3,5.7238,-8.0602
380.714,3,5.7239,-8.0603
380.834,3,5.7240,-8.0603
380.976,3,5.7244,-8.0605
381.110,3,5.7246,-8.0607
381.240,3,5.7248,-8.0608
381.389,3,5.7249,-8.0608
381.512,3,5.7250,-8.0609
381.639,3,5.7250,-8.0609
381.776,3,5.7251,-8.0609
381.901,3,5.7251,-8.0609
382.058,3,5.7251,-8.0610
382.172,3,5.7251,-8.0610
382.306,3,5.7251,-8.0611
382.462,3,5.7251,-8.0611
382.587,3,5.7250,-8.0612
382.726,3,5.7250,-8.0612
382.859,3,5.7250,-8.0613
382.972,3,5.7249,-8.0614
383.139,3,5.7248,-8.0616
383.253,3,5.7247,-8.0618
383.381,3,5.7246,-8.0620
383.531,3,5.7245,-8.0622
383.667,3,5.7244,-8.0623
383.800,3,5.7243,-8.0625
383.927,3,5.7242,-8.0626
384.076,3,5.7241,-8.0628
384.191,3,5.7240,-8.0629
384.325,3,5.7239,-8.0631
384.484,3,5.7238,-8.0633
384.594,3,5.7236,-8.0636
384.744,3,5.7235,-8.0637
384.874,3,5.7234,-8.0640
385.002,3,5.7233,-8.0642
385.131,3,5.7231,-8.0644
385.291,3,5.7230,-8.0646
385.402,3,5.7229,-8.0647
385.538,3,5.7228,-8.0649
385.672,3,5.7227,-8.0651
385.821,3,5.7226,-8.0653
385.957,3,5.7225,-8.0654
386.074,3,5.7225,-8.0655
386.205,3,5.7224,-8.0656
386.361,3,5.7223,-8.0658
386.499,3,5.7222,-8.0659
386.609,3,5.7222,-8.0660
386.759,3,5.7221,-8.0661
386.891,3,5.7220,-8.0662
387.042,3,5.7220,-8.0663
387.148,3,5.7219,-8.0664
387.290,3,5.7218,-8.0666
387.420,3,5.7217,-8.0668
387.566,3,5.7216,-8.0670
389.145,3,5.7226,-8.0651
389.275,3,5.7235,-8.0638
389.410,3,5.7241,-8.0629
389.564,3,5.7245,-8.0623
389.707,3,5.7248,-8.0618
389.816,3,5.7250,-8.0615
389.962,3,5.7252,-8.0613
390.079,3,5.7253,-8.0611
390.223,3,5.7253,-8.0610
390.369,3,5.7256,-8.0611
390.502,3,5.7259,-8.0612
390.616,3,5.7260,-8.0613
390.757,3,5.7261,-8.0613
390.903,3,5.7268,-8.0618
391.027,3,5.7229,-8.0680
391.163,3,5.7246,-8.0665
391.298,3,5.7259,-8.0654
391.442,3,5.7276,-8.0653
391.560,3,5.7288,-8.0652
391.692,3,5.7298,-8.0651
391.838,3,5.7312,-8.0657
391.968,3,5.7322,-8.0661
392.094,3,5.7330,-8.0664
392.228,3,5.7345,-8.0674
392.383,3,5.7356,-8.0681
392.495,3,5.7364,-8.0686
392.633,3,5.7370,-8.0690
392.781,3,5.7375,-8.0693
392.904,3,5.7379,-8.0695
393.038,3,5.7393,-8.0705
393.177,3,5.7402,-8.0713
393.303,3,5.7410,-8.0719
393.431,3,5.7416,-8.0723
393.565,3,5.7431,-8.0737
393.696,3,5.7443,-8.0747
393.831,3,5.7452,-8.0754
393.978,3,5.7458,-8.0760
394.100,3,5.7475,-8.0775
394.233,3,5.7487,-8.0786
394.386,3,5.7496,-8.0794
394.513,3,5.7513,-8.0810
394.651,3,5.7525,-8.0821
394.806,3,5.7534,-8.0830
394.914,3,5.7541,-8.0837
395.058,3,5.7556,-8.0852
395.185,3,5.7567,-8.0862
395.326,3,5.7575,-8.0871
395.447,3,5.7581,-8.0878
395.606,3,5.7586,-8.0884
395.735,3,5.7590,-8.0889
395.860,3,5.7605,-8.0905
396.000,3,5.7616,-8.0917
396.119,3,5.7624,-8.0926
396.260,3,5.7639,-8.0942
396.408,3,5.7650,-8.0954
396.950,3,5.7685,-8.0991
397.055,3,5.7709,-8.1018
397.195,3,5.7726,-8.1038
397.326,3,5.7737,-8.1054
397.746,3,5.7753,-8.1075
397.867,3,5.7765,-8.1091
397.998,3,5.7782,-8.1113
398.139,3,5.7794,-8.1131
398.285,3,5.7802,-8.1143
398.391,3,5.7808,-8.1152
398.528,3,5.7812,-8.1161
398.684,3,5.7815,-8.1169
398.805,3,5.7817,-8.1176
398.949,3,5.7831,-8.1196
399.071,3,5.7842,-8.1211
399.228,3,5.7849,-8.1223
406.212,3,5.8009,-8.1472
406.345,3,5.8121,-8.1649
406.495,3,5.8211,-8.1789
406.628,3,5.8274,-8.1887
406.752,3,5.8330,-8.1971
406.885,3,5.8369,-8.2029
407.014,3,5.8396,-8.2071
431.492,4,-0.0935,-7.2552
431.642,4,-0.0937,-7.2556
431.769,4,-0.0941,-7.2562
431.888,4,-0.0945,-7.2569
432.053,4,-0.0947,-7.2574
432.171,4,-0.0949,-7.2579
432.297,4,-0.0958,-7.2580
432.437,4,-0.0964,-7.2580
432.579,4,-0.0968,-7.2581
432.697,4,-0.0967,-7.2587
432.849,4,-0.0966,-7.2591
432.991,4,-0.0965,-7.2594
433.116,4,-0.0964,-7.2596
433.246,4,-0.0967,-7.2599
433.400,4,-0.0968,-7.2601
433.530,4,-0.0970,-7.2603
433.670,4,-0.0971,-7.2604
433.785,4,-0.0971,-7.2604
433.928,4,-0.0972,-7.2605
434.057,4,-0.0974,-7.2605
434.189,4,-0.0975,-7.2605
434.321,4,-0.0977,-7.2605
434.465,4,-0.0977,-7.2605
434.598,4,-0.0978,-7.2606
434.721,4,-0.0978,-7.2606
434.855,4,-0.0978,-7.2606
434.990,4,-0.0979,-7.2606
437.386,4,-0.1028,-7.2635
437.505,4,-0.1062,-7.2655
437.671,4,-0.1086,-7.2670
437.782,4,-0.1102,-7.2681
437.910,4,-0.1114,-7.2688
438.056,4,-0.1122,-7.2694
438.194,4,-0.1127,-7.2697
438.335,4,-0.1131,-7.2700
438.454,4,-0.1136,-7.2698
438.599,4,-0.1140,-7.2696
438.733,4,-0.1143,-7.2695
438.883,4,-0.1144,-7.2695
439.007,4,-0.1146,-7.2694
439.141,4,-0.1149,-7.2691
439.275,4,-0.1151,-7.2689
439.409,4,-0.1152,-7.2687
439.531,4,-0.1153,-7.2686
439.696,4,-0.1154,-7.2685
439.806,4,-0.1154,-7.2685
439.955,4,-0.1154,-7.2684
440.088,4,-0.1155,-7.2684
440.215,4,-0.1155,-7.2684
440.347,4,-0.1155,-7.2684
440.487,4,-0.1155,-7.2684
440.647,4,-0.1155,-7.2684
440.763,4,-0.1155,-7.2684
440.899,4,-0.1155,-7.2683
441.023,4,-0.1155,-7.2683
441.157,4,-0.1155,-7.2683
441.310,4,-0.1155,-7.2683
441.433,4,-0.1155,-7.2683
441.580,4,-0.1155,-7.2683
441.709,4,-0.1155,-7.2683
441.847,4,-0.1156,-7.2683
441.970,4,-0.1156,-7.2682
442.114,4,-0.1156,-7.2681
442.249,4,-0.1157,-7.2681
442.392,4,-0.1157,-7.2681
442.518,4,-0.1157,-7.2681
442.652,4,-0.1157,-7.2681
442.797,4,-0.1157,-7.2681
442.927,4,-0.1157,-7.2681
443.061,4,-0.1157,-7.2680
443.211,4,-0.1157,-7.2680
443.336,4,-0.1157,-7.2680
443.454,4,-0.1157,-7.2680
443.619,4,-0.1157,-7.2680
443.750,4,-0.1157,-7.2680
443.870,4,-0.1157,-7.2680
444.008,4,-0.1157,-7.2680
444.134,4,-0.1157,-7.2680
444.292,4,-0.1157,-7.2680
444.425,4,-0.1157,-7.2680
444.564,4,-0.1157,-7.2680
444.684,4,-0.1157,-7.2680
444.826,4,-0.1157,-7.2680
444.946,4,-0.1157,-7.2680
445.084,4,-0.1157,-7.2680
445.249,4,-0.1157,-7.2680
445.353,4,-0.1157,-7.2680
445.485,4,-0.1157,-7.2680
445.618,4,-0.1157,-7.2680
445.768,4,-0.1157,-7.2680
445.887,4,-0.1157,-7.2680
446.040,4,-0.1157,-7.2680
446.160,4,-0.1157,-7.2680
446.320,4,-0.1157,-7.2680
446.428,4,-0.1158,-7.2680
446.584,4,-0.1158,-7.2679
446.725,4,-0.1158,-7.2679
446.850,4,-0.1158,-7.2679
446.972,4,-0.1158,-7.2679
447.108,4,-0.1158,-7.2679
447.261,4,-0.1158,-7.2679
447.385,4,-0.1158,-7.2679
447.512,4,-0.1158,-7.2679
447.642,4,-0.1158,-7.2679
447.794,4,-0.1158,-7.2679
447.912,4,-0.1158,-7.2679
448.076,4,-0.1158,-7.2679
448.185,4,-0.1158,-7.2679
448.317,4,-0.1158,-7.2679
448.467,4,-0.1158,-7.2679
448.598,4,-0.1158,-7.2679
448.720,4,-0.1158,-7.2679
448.884,4,-0.1158,-7.2678
448.997,4,-0.1159,-7.2678
449.128,4,-0.1159,-7.2678
449.278,4,-0.1159,-7.2678
449.404,4,-0.1159,-7.2678
449.559,4,-0.1160,-7.2676
449.674,4,-0.1161,-7.2675
449.808,4,-0.1161,-7.2674
449.953,4,-0.1162,-7.2674
450.085,4,-0.1162,-7.2673
450.218,4,-0.1163,-7.2671
450.363,4,-0.1164,-7.2670
450.493,4,-0.1165,-7.2669
450.615,4,-0.1165,-7.2668
450.750,4,-0.1165,-7.2668
450.910,4,-0.1165,-7.2668
451.041,4,-0.1166,-7.2667
451.153,4,-0.1166,-7.2667
451.305,4,-0.1166,-7.2667
451.426,4,-0.1166,-7.2667
451.561,4,-0.1166,-7.2667
451.715,4,-0.1166,-7.2667
451.847,4,-0.1166,-7.2667
451.978,4,-0.1166,-7.2667
452.104,4,-0.1166,-7.2667
452.250,4,-0.1166,-7.2667
452.382,4,-0.1166,-7.2667
452.502,4,-0.1167,-7.2665
452.638,4,-0.1168,-7.2664
452.793,4,-0.1169,-7.2663
452.913,4,-0.1169,-7.2662
453.052,4,-0.1169,-7.2662
453.197,4,-0.1170,-7.2662
453.330,4,-0.1170,-7.2661
453.465,4,-0.1170,-7.2661
453.594,4,-0.1170,-7.2661
455.985,4,-0.1180,-7.2668
456.115,4,-0.1188,-7.2673
456.256,4,-0.1193,-7.2676
456.395,4,-0.1197,-7.2679
456.541,4,-0.1199,-7.2680
456.653,4,-0.1201,-7.2681
456.791,4,-0.1202,-7.2682
456.950,4,-0.1203,-7.2683
457.058,4,-0.1205,-7.2682
457.218,4,-0.1206,-7.2681
457.330,4,-0.1207,-7.2680
457.492,4,-0.1207,-7.2680
457.615,4,-0.1208,-7.2680
457.763,4,-0.1208,-7.2679
457.870,4,-0.1208,-7.2679
458.037,4,-0.1208,-7.2679
458.146,4,-0.1208,-7.2679
458.301,4,-0.1208,-7.2679
458.412,4,-0.1208,-7.2679
458.569,4,-0.1208,-7.2679
458.685,4,-0.1209,-7.2679
458.828,4,-0.1209,-7.2679
458.965,4,-0.1209,-7.2679
459.088,4,-0.1209,-7.2679
459.232,4,-0.1209,-7.2679
459.369,4,-0.1209,-7.2679
459.501,4,-0.1209,-7.2679
459.640,4,-0.1209,-7.2679
459.760,4,-0.1209,-7.2679
459.891,4,-0.1209,-7.2679
460.047,4,-0.1209,-7.2678
460.173,4,-0.1209,-7.2678
460.309,4,-0.1210,-7.2677
460.449,4,-0.1210,-7.2677
460.572,4,-0.1210,-7.2677
460.707,4,-0.1211,-7.2676
460.861,4,-0.1211,-7.2675
460.974,4,-0.1211,-7.2675
461.109,4,-0.1211,-7.2675
461.254,4,-0.1213,-7.2672
461.398,4,-0.1214,-7.2671
461.529,4,-0.1215,-7.2670
461.661,4,-0.1215,-7.2669
461.807,4,-0.1216,-7.2668
461.935,4,-0.1216,-7.2668
462.074,4,-0.1217,-7.2667
462.215,4,-0.1217,-7.2666
462.352,4,-0.1217,-7.2666
462.466,4,-0.1219,-7.2664
462.613,4,-0.1220,-7.2662
462.736,4,-0.1220,-7.2661
462.888,4,-0.1221,-7.2661
463.008,4,-0.1221,-7.2660
463.165,4,-0.1222,-7.2659
463.291,4,-0.1222,-7.2659
463.412,4,-0.1222,-7.2658
463.548,4,-0.1222,-7.2658
463.691,4,-0.1224,-7.2656
463.834,4,-0.1225,-7.2655
463.963,4,-0.1225,-7.2654
464.097,4,-0.1226,-7.2653
464.225,4,-0.1226,-7.2652
464.367,4,-0.1227,-7.2652
464.506,4,-0.1227,-7.2651
464.634,4,-0.1227,-7.2651
464.766,4,-0.1227,-7.2651
464.906,4,-0.1227,-7.2651
465.038,4,-0.1228,-7.2650
465.169,4,-0.1228,-7.2650
465.309,4,-0.1228,-7.2650
465.445,4,-0.1228,-7.2650
465.582,4,-0.1228,-7.2649
465.730,4,-0.1228,-7.2649
465.857,4,-0.1228,-7.2649
465.995,4,-0.1228,-7.2649
466.128,4,-0.1228,-7.2649
466.253,4,-0.1228,-7.2649
466.413,4,-0.1228,-7.2649
466.529,4,-0.1228,-7.2649
466.663,4,-0.1228,-7.2649
466.800,4,-0.1228,-7.2649
466.942,4,-0.1228,-7.2649
467.093,4,-0.1228,-7.2649
467.204,4,-0.1228,-7.2649
467.343,4,-0.1228,-7.2649
467.473,4,-0.1228,-7.2649
467.627,4,-0.1228,-7.2649
467.755,4,-0.1228,-7.2649
467.882,4,-0.1228,-7.2649
468.035,4,-0.1228,-7.2649
468.172,4,-0.1228,-7.2649
468.289,4,-0.1228,-7.2649
468.437,4,-0.1229,-7.2649
468.559,4,-0.1229,-7.2648
468.692,4,-0.1229,-7.2648
468.827,4,-0.1229,-7.2648
468.959,4,-0.1229,-7.2648
469.106,4,-0.1229,-7.2648
469.242,4,-0.1229,-7.2648
469.367,4,-0.1229,-7.2648
469.526,4,-0.1229,-7.2648
469.646,4,-0.1229,-7.2648
469.797,4,-0.1229,-7.2648
469.908,4,-0.1229,-7.2648
470.047,4,-0.1229,-7.2648
470.197,4,-0.1229,-7.2647
470.329,4,-0.1229,-7.2647
470.456,4,-0.1229,-7.2647
470.586,4,-0.1229,-7.2647
470.736,4,-0.1229,-7.2647
470.859,4,-0.1229,-7.2647
471.008,4,-0.1229,-7.2647
471.124,4,-0.1229,-7.2647
471.257,4,-0.1229,-7.2647
471.413,4,-0.1229,-7.2647
471.528,4,-0.1229,-7.2647
471.690,4,-0.1230,-7.2647
471.797,4,-0.1230,-7.2647
471.935,4,-0.1230,-7.2646
472.079,4,-0.1232,-7.2644
472.200,4,-0.1233,-7.2642
472.335,4,-0.1234,-7.2640
472.477,4,-0.1235,-7.2639
472.610,4,-0.1236,-7.2637
472.751,4,-0.1237,-7.2636
472.887,4,-0.1238,-7.2635
473.031,4,-0.1238,-7.2635
473.153,4,-0.1238,-7.2634
473.309,4,-0.1238,-7.2634
473.429,4,-0.1239,-7.2634
473.557,4,-0.1239,-7.2634
473.706,4,-0.1227,-7.2649
473.828,4,-0.1219,-7.2659
473.966,4,-0.1214,-7.2667
474.102,4,-0.1210,-7.2672
474.234,4,-0.1207,-7.2676
474.371,4,-0.1205,-7.2678
474.504,4,-0.1204,-7.2680
474.656,4,-0.1203,-7.2681
474.795,4,-0.1202,-7.2682
474.930,4,-0.1202,-7.2683
475.052,4,-0.1202,-7.2683
475.182,4,-0.1202,-7.2683
475.315,4,-0.1202,-7.2683
475.454,4,-0.1202,-7.2683
475.593,4,-0.1202,-7.2684
475.732,4,-0.1202,-7.2684
475.860,4,-0.1202,-7.2684
476.012,4,-0.1202,-7.2684
476.141,4,-0.1203,-7.2684
476.274,4,-0.1203,-7.2685
476.408,4,-0.1203,-7.2685
476.538,4,-0.1204,-7.2685
476.668,4,-0.1204,-7.2685
476.835,4,-0.1204,-7.2685
476.946,4,-0.1204,-7.2686
477.083,4,-0.1204,-7.2686
477.211,4,-0.1205,-7.2686
477.345,4,-0.1205,-7.2686
477.497,4,-0.1205,-7.2686
477.631,4,-0.1205,-7.2686
477.755,4,-0.1205,-7.2687
477.892,4,-0.1205,-7.2687
478.044,4,-0.1206,-7.2687
478.164,4,-0.1206,-7.2687
478.313,4,-0.1206,-7.2687
478.434,4,-0.1206,-7.2687
478.586,4,-0.1206,-7.2687
478.699,4,-0.1206,-7.2687
478.848,4,-0.1206,-7.2687
478.980,4,-0.1206,-7.2687
479.109,4,-0.1206,-7.2687
479.253,4,-0.1206,-7.2687
479.400,4,-0.1206,-7.2687
479.508,4,-0.1206,-7.2687
479.661,4,-0.1206,-7.2687
479.788,4,-0.1206,-7.2687
479.919,4,-0.1207,-7.2690
480.048,4,-0.1208,-7.2692
480.209,4,-0.1209,-7.2693
480.320,4,-0.1209,-7.2694
480.448,4,-0.1209,-7.2695
480.668,4,-0.1209,-7.2695
480.731,4,-0.1210,-7.2696
480.827,4,-0.1210,-7.2696
480.971,4,-0.1210,-7.2696
481.105,4,-0.1210,-7.2696
481.227,4,-0.1210,-7.2696
481.402,4,-0.1210,-7.2696
481.504,4,-0.1210,-7.2696
481.652,4,-0.1210,-7.2696
481.791,4,-0.1210,-7.2696
481.929,4,-0.1210,-7.2696
482.044,4,-0.1210,-7.2696
482.187,4,-0.1210,-7.2696
482.327,4,-0.1210,-7.2696
482.465,4,-0.1210,-7.2696
482.585,4,-0.1210,-7.2696
482.737,4,-0.1210,-7.2696
482.881,4,-0.1210,-7.2696
482.995,4,-0.1210,-7.2696
483.137,4,-0.1210,-7.2696
483.294,4,-0.1210,-7.2696
483.420,4,-0.1212,-7.2695
483.543,4,-0.1213,-7.2695
483.675,4,-0.1214,-7.2694
483.828,4,-0.1215,-7.2694
483.950,4,-0.1216,-7.2694
484.090,4,-0.1216,-7.2694
484.227,4,-0.1216,-7.2694
484.368,4,-0.1219,-7.2693
484.496,4,-0.1221,-7.2692
484.632,4,-0.1222,-7.2692
484.756,4,-0.1223,-7.2691
484.889,4,-0.1224,-7.2691
485.026,4,-0.1225,-7.2691
485.175,4,-0.1226,-7.2690
485.297,4,-0.1228,-7.2689
485.436,4,-0.1229,-7.2688
485.566,4,-0.1230,-7.2688
485.716,4,-0.1231,-7.2688
485.854,4,-0.1232,-7.2687
485.977,4,-0.1233,-7.2687
486.116,4,-0.1234,-7.2686
486.242,4,-0.1237,-7.2686
486.376,4,-0.1239,-7.2685
486.548,4,-0.1241,-7.2685
486.646,4,-0.1242,-7.2684
486.815,4,-0.1244,-7.2684
486.917,4,-0.1245,-7.2683
487.057,4,-0.1246,-7.2683
487.201,4,-0.1247,-7.2683
487.350,4,-0.1248,-7.2683
487.465,4,-0.1249,-7.2682
487.603,4,-0.1251,-7.2682
487.744,4,-0.1253,-7.2681
487.875,4,-0.1254,-7.2681
488.022,4,-0.1257,-7.2680
488.155,4,-0.1259,-7.2680
488.295,4,-0.1261,-7.2679
488.415,4,-0.1264,-7.2679
488.566,4,-0.1266,-7.2678
488.687,4,-0.1267,-7.2677
488.835,4,-0.1270,-7.2676
488.953,4,-0.1273,-7.2676
489.099,4,-0.1274,-7.2675
489.226,4,-0.1277,-7.2674
489.370,4,-0.1279,-7.2673
489.507,4,-0.1280,-7.2672
489.634,4,-0.1283,-7.2671
489.764,4,-0.1285,-7.2670
489.923,4,-0.1287,-7.2669
490.038,4,-0.1288,-7.2669
490.194,4,-0.1289,-7.2668
490.326,4,-0.1290,-7.2667
490.447,4,-0.1290,-7.2667
490.577,4,-0.1291,-7.2666
490.728,4,-0.1291,-7.2666
490.882,4,-0.1291,-7.2666
490.984,4,-0.1291,-7.2666
491.130,4,-0.1291,-7.2666
491.280,4,-0.1292,-7.2666
491.390,4,-0.1292,-7.2666
491.541,4,-0.1292,-7.2666
491.686,4,-0.1292,-7.2666
491.801,4,-0.1292,-7.2666
491.931,4,-0.1292,-7.2666
492.088,4,-0.1292,-7.2665
492.235,4,-0.1292,-7.2665
492.371,4,-0.1293,-7.2665
492.498,4,-0.1293,-7.2665
492.614,4,-0.1293,-7.2665
492.751,4,-0.1293,-7.2665
492.912,4,-0.1293,-7.2665
493.033,4,-0.1293,-7.2664
493.183,4,-0.1293,-7.2664
493.298,4,-0.1293,-7.2664
493.433,4,-0.1295,-7.2664
493.590,4,-0.1297,-7.2663
493.710,4,-0.1297,-7.2663
493.864,4,-0.1300,-7.2662
493.993,4,-0.1301,-7.2662
494.144,4,-0.1302,-7.2662
494.268,4,-0.1303,-7.2661
494.387,4,-0.1304,-7.2660
494.533,4,-0.1308,-7.2658
494.671,4,-0.1312,-7.2657
494.810,4,-0.1314,-7.2656
494.927,4,-0.1317,-7.2655
495.088,4,-0.1319,-7.2655
495.198,4,-0.1320,-7.2654
495.338,4,-0.1323,-7.2653
495.466,4,-0.1324,-7.2653
495.609,4,-0.1325,-7.2653
495.763,4,-0.1326,-7.2652
495.890,4,-0.1326,-7.2652
496.025,4,-0.1327,-7.2652
496.160,4,-0.1327,-7.2652
496.282,4,-0.1327,-7.2652
496.432,4,-0.1327,-7.2652
496.568,4,-0.1328,-7.2652
496.691,4,-0.1329,-7.2651
496.844,4,-0.1329,-7.2651
496.969,4,-0.1330,-7.2651
497.117,4,-0.1330,-7.2650
497.232,4,-0.1331,-7.2650
497.366,4,-0.1331,-7.2650
497.506,4,-0.1333,-7.2649
497.665,4,-0.1334,-7.2649
497.780,4,-0.1338,-7.2647
497.938,4,-0.1340,-7.2646
498.065,4,-0.1342,-7.2645
498.186,4,-0.1345,-7.2644
498.319,4,-0.1346,-7.2643
498.489,4,-0.1348,-7.2642
498.595,4,-0.1350,-7.2642
498.751,4,-0.1351,-7.2641
498.880,4,-0.1354,-7.2639
499.000,4,-0.1357,-7.2638
499.168,4,-0.1358,-7.2637
499.269,4,-0.1361,-7.2636
499.405,4,-0.1363,-7.2635
499.541,4,-0.1367,-7.2634
499.693,4,-0.1370,-7.2633
499.811,4,-0.1373,-7.2632
499.969,4,-0.1375,-7.2631
500.087,4,-0.1376,-7.2630
500.221,4,-0.1377,-7.2630
500.353,4,-0.1379,-7.2630
500.502,4,-0.1380,-7.2629
500.623,4,-0.1380,-7.2629
500.771,4,-0.1381,-7.2628
500.926,4,-0.1381,-7.2627
501.041,4,-0.1382,-7.2627
501.185,4,-0.1383,-7.2626
501.321,4,-0.1383,-7.2626
501.453,4,-0.1383,-7.2626
501.583,4,-0.1384,-7.2625
501.723,4,-0.1384,-7.2625
501.853,4,-0.1386,-7.2623
502.011,4,-0.1388,-7.2622
502.140,4,-0.1390,-7.2621
502.256,4,-0.1392,-7.2620
502.414,4,-0.1393,-7.2620
502.533,4,-0.1394,-7.2619
502.664,4,-0.1395,-7.2619
502.823,4,-0.1396,-7.2618
502.935,4,-0.1398,-7.2617
503.075,4,-0.1400,-7.2616
503.210,4,-0.1402,-7.2616
503.341,4,-0.1404,-7.2615
503.476,4,-0.1405,-7.2615
503.624,4,-0.1408,-7.2615
503.749,4,-0.1413,-7.2615
503.897,4,-0.1418,-7.2616
504.043,4,-0.1424,-7.2616
504.171,4,-0.1429,-7.2616
504.303,4,-0.1435,-7.2614
504.454,4,-0.1439,-7.2613
504.576,4,-0.1442,-7.2613
504.694,4,-0.1446,-7.2611
504.828,4,-0.1449,-7.2610
504.970,4,-0.1452,-7.2609
505.115,4,-0.1453,-7.2609
505.254,4,-0.1456,-7.2607
505.364,4,-0.1458,-7.2606
505.525,4,-0.1459,-7.2606
505.644,4,-0.1460,-7.2605
505.772,4,-0.1461,-7.2605
505.924,4,-0.1462,-7.2605
506.049,4,-0.1462,-7.2605
506.177,4,-0.1465,-7.2603
506.324,4,-0.1467,-7.2603
506.478,4,-0.1468,-7.2602
506.586,4,-0.1469,-7.2601
506.743,4,-0.1470,-7.2601
506.870,4,-0.1472,-7.2600
506.996,4,-0.1474,-7.2599
507.137,4,-0.1483,-7.2595
507.264,4,-0.1489,-7.2592
507.401,4,-0.1493,-7.2590
507.559,4,-0.1497,-7.2588
507.678,4,-0.1501,-7.2587
507.805,4,-0.1506,-7.2584
507.941,4,-0.1509,-7.2582
508.074,4,-0.1511,-7.2581
508.215,4,-0.1513,-7.2580
508.357,4,-0.1514,-7.2580
508.490,4,-0.1518,-7.2578
508.619,4,-0.1520,-7.2577
508.766,4,-0.1524,-7.2576
508.899,4,-0.1526,-7.2574
509.045,4,-0.1528,-7.2573
509.170,4,-0.1529,-7.2573
509.314,4,-0.1530,-7.2572
509.456,4,-0.1533,-7.2571
509.581,4,-0.1534,-7.2571
509.732,4,-0.1537,-7.2569
509.866,4,-0.1538,-7.2567
509.988,4,-0.1541,-7.2565
510.130,4,-0.1544,-7.2563
510.253,4,-0.1547,-7.2561
510.396,4,-0.1550,-7.2560
510.542,4,-0.1552,-7.2559
510.661,4,-0.1553,-7.2558
510.798,4,-0.1554,-7.2557
510.941,4,-0.1557,-7.2556
511.063,4,-0.1560,-7.2555
511.208,4,-0.1564,-7.2553
511.350,4,-0.1566,-7.2551
511.479,4,-0.1570,-7.2549
511.621,4,-0.1573,-7.2548
511.741,4,-0.1577,-7.2546
511.876,4,-0.1580,-7.2544
512.020,4,-0.1584,-7.2542
512.157,4,-0.1587,-7.2541
512.305,4,-0.1589,-7.2540
512.420,4,-0.1590,-7.2539
512.561,4,-0.1591,-7.2539
512.701,4,-0.1592,-7.2538
512.826,4,-0.1593,-7.2538
512.963,4,-0.1595,-7.2537
513.098,4,-0.1597,-7.2536
513.235,4,-0.1600,-7.2534
513.362,4,-0.1603,-7.2533
513.518,4,-0.1606,-7.2531
513.654,4,-0.1608,-7.2530
513.769,4,-0.1612,-7.2529
513.922,4,-0.1614,-7.2527
514.047,4,-0.1616,-7.2527
514.177,4,-0.1617,-7.2526
514.318,4,-0.1618,-7.2526
514.449,4,-0.1619,-7.2525
514.588,4,-0.1620,-7.2525
514.715,4,-0.1622,-7.2523
514.858,4,-0.1623,-7.2523
514.988,4,-0.1626,-7.2521
515.125,4,-0.1628,-7.2520
515.263,4,-0.1631,-7.2518
515.395,4,-0.1632,-7.2517
515.545,4,-0.1635,-7.2515
515.664,4,-0.1638,-7.2514
515.801,4,-0.1640,-7.2512
515.939,4,-0.1642,-7.2511
516.086,4,-0.1645,-7.2509
516.220,4,-0.1647,-7.2507
516.360,4,-0.1651,-7.2505
516.502,4,-0.1658,-7.2502
516.634,4,-0.1662,-7.2499
516.759,4,-0.1667,-7.2496
516.913,4,-0.1671,-7.2494
517.030,4,-0.1674,-7.2493
517.200,4,-0.1676,-7.2491
517.300,4,-0.1681,-7.2487
517.436,4,-0.1685,-7.2484
517.590,4,-0.1688,-7.2481
517.712,4,-0.1690,-7.2478
517.847,4,-0.1694,-7.2475
517.989,4,-0.1697,-7.2473
518.131,4,-0.1699,-7.2472
518.253,4,-0.1701,-7.2471
518.394,4,-0.1704,-7.2469
518.543,4,-0.1707,-7.2467
518.660,4,-0.1712,-7.2465
518.807,4,-0.1716,-7.2462
518.933,4,-0.1720,-7.2460
519.069,4,-0.1723,-7.2458
519.201,4,-0.1727,-7.2456
519.356,4,-0.1730,-7.2455
519.470,4,-0.1733,-7.2453
519.618,4,-0.1735,-7.2452
519.740,4,-0.1738,-7.2450
519.906,4,-0.1740,-7.2449
520.030,4,-0.1741,-7.2449
520.147,4,-0.1742,-7.2448
520.293,4,-0.1744,-7.2447
520.422,4,-0.1746,-7.2446
520.555,4,-0.1748,-7.2445
520.692,4,-0.1754,-7.2442
520.832,4,-0.1758,-7.2439
520.973,4,-0.1761,-7.2438
521.110,4,-0.1765,-7.2436
521.248,4,-0.1767,-7.2434
521.365,4,-0.1770,-7.2433
521.511,4,-0.1771,-7.2432
521.636,4,-0.1772,-7.2432
521.792,4,-0.1778,-7.2428
521.907,4,-0.1787,-7.2424
522.063,4,-0.1793,-7.2420
522.173,4,-0.1799,-7.2417
522.334,4,-0.1804,-7.2414
522.460,4,-0.1808,-7.2412
522.586,4,-0.1811,-7.2411
522.743,4,-0.1814,-7.2409
522.862,4,-0.1816,-7.2408
522.991,4,-0.1819,-7.2406
523.156,4,-0.1820,-7.2405
523.261,4,-0.1824,-7.2403
523.397,4,-0.1831,-7.2400
523.525,4,-0.1835,-7.2397
523.663,4,-0.1832,-7.2380
523.797,4,-0.1824,-7.2358
523.931,4,-0.1815,-7.2335
524.067,4,-0.1805,-7.2312
524.201,4,-0.1798,-7.2294
524.335,4,-0.1793,-7.2282
524.479,4,-0.1791,-7.2273
524.604,4,-0.1793,-7.2264
524.741,4,-0.1799,-7.2256
524.881,4,-0.1804,-7.2250
525.028,4,-0.1807,-7.2245
525.174,4,-0.1812,-7.2241
525.290,4,-0.1815,-7.2238
525.428,4,-0.1818,-7.2236
525.553,4,-0.1819,-7.2234
525.703,4,-0.1822,-7.2232
525.840,4,-0.1827,-7.2229
525.971,4,-0.1831,-7.2227
526.095,4,-0.1834,-7.2225
526.252,4,-0.1838,-7.2223
526.368,4,-0.1840,-7.2221
526.515,4,-0.1842,-7.2220
526.655,4,-0.1843,-7.2219
526.770,4,-0.1843,-7.2218
526.925,4,-0.1846,-7.2217
527.051,4,-0.1848,-7.2215
527.189,4,-0.1850,-7.2214
527.325,4,-0.1856,-7.2211
527.455,4,-0.1860,-7.2209
527.585,4,-0.1863,-7.2207
527.723,4,-0.1870,-7.2203
527.880,4,-0.1874,-7.2201
528.015,4,-0.1878,-7.2198
528.130,4,-0.1885,-7.2195
528.265,4,-0.1892,-7.2191
528.421,4,-0.1897,-7.2188
528.547,4,-0.1905,-7.2184
528.671,4,-0.1910,-7.2181
528.813,4,-0.1915,-7.2178
528.936,4,-0.1922,-7.2174
529.071,4,-0.1926,-7.2172
529.235,4,-0.1930,-7.2170
529.339,4,-0.1936,-7.2166
529.497,4,-0.1942,-7.2163
529.641,4,-0.1947,-7.2161
529.748,4,-0.1950,-7.2159
529.911,4,-0.1952,-7.2158
530.038,4,-0.1958,-7.2154
530.171,4,-0.1966,-7.2150
530.301,4,-0.1975,-7.2145
530.455,4,-0.1980,-7.2141
530.562,4,-0.1985,-7.2138
530.697,4,-0.1989,-7.2136
530.833,4,-0.1993,-7.2134
530.975,4,-0.1999,-7.2131
531.103,4,-0.2003,-7.2129
531.249,4,-0.2006,-7.2127
531.373,4,-0.2012,-7.2124
531.513,4,-0.2016,-7.2122
531.668,4,-0.2018,-7.2120
531.778,4,-0.2023,-7.2117
531.922,4,-0.2030,-7.2113
532.067,4,-0.2035,-7.2111
532.185,4,-0.2039,-7.2108
532.355,4,-0.2045,-7.2105
532.464,4,-0.2052,-7.2101
532.594,4,-0.2056,-7.2098
532.724,4,-0.2060,-7.2096
532.885,4,-0.2066,-7.2092
532.997,4,-0.2070,-7.2090
533.135,4,-0.2073,-7.2088
533.264,4,-0.2075,-7.2086
533.397,4,-0.2077,-7.2085
533.531,4,-0.2081,-7.2083
533.690,4,-0.2087,-7.2079
533.803,4,-0.2095,-7.2074
533.961,4,-0.2100,-7.2071
534.073,4,-0.2104,-7.2069
534.224,4,-0.2111,-7.2064
534.351,4,-0.2119,-7.2060
534.475,4,-0.2125,-7.2056
534.614,4,-0.2129,-7.2054
534.772,4,-0.2134,-7.2050
534.892,4,-0.2142,-7.2045
535.017,4,-0.2151,-7.2040
535.182,4,-0.2158,-7.2036
535.287,4,-0.2162,-7.2033
535.430,4,-0.2170,-7.2028
535.560,4,-0.2176,-7.2025
535.706,4,-0.2180,-7.2023
535.827,4,-0.2185,-7.2020
535.962,4,-0.2193,-7.2015
536.097,4,-0.2198,-7.2012
536.235,4,-0.2202,-7.2010
536.368,4,-0.2207,-7.2007
536.516,4,-0.2214,-7.2003
536.656,4,-0.2223,-7.1998
536.781,4,-0.2232,-7.1993
536.924,4,-0.2238,-7.1989
537.055,4,-0.2242,-7.1985
537.175,4,-0.2246,-7.1982
537.341,4,-0.2251,-7.1978
537.445,4,-0.2258,-7.1973
537.582,4,-0.2267,-7.1968
537.732,4,-0.2277,-7.1962
537.852,4,-0.2284,-7.1957
538.015,4,-0.2289,-7.1954
538.127,4,-0.2295,-7.1951
538.270,4,-0.2302,-7.1946
538.393,4,-0.2311,-7.1941
538.535,4,-0.2320,-7.1936
538.666,4,-0.2330,-7.1930
538.831,4,-0.2338,-7.1926
538.946,4,-0.2343,-7.1923
539.082,4,-0.2347,-7.1919
539.207,4,-0.2356,-7.1913
539.355,4,-0.2365,-7.1906
539.496,4,-0.2371,-7.1902
539.624,4,-0.2376,-7.1897
539.763,4,-0.2383,-7.1893
539.911,4,-0.2391,-7.1887
540.039,4,-0.2401,-7.1882
540.183,4,-0.2407,-7.1877
540.292,4,-0.2412,-7.1875
540.458,4,-0.2415,-7.1873
540.563,4,-0.2417,-7.1871
540.706,4,-0.2419,-7.1870
540.845,4,-0.2422,-7.1869
540.972,4,-0.2425,-7.1867
541.120,4,-0.2430,-7.1864
541.249,4,-0.2434,-7.1861
541.408,4,-0.2437,-7.1860
541.510,4,-0.2438,-7.1859
541.646,4,-0.2440,-7.1858
541.793,4,-0.2441,-7.1857
541.934,4,-0.2443,-7.1856
542.067,4,-0.2445,-7.1855
542.192,4,-0.2446,-7.1854
542.344,4,-0.2447,-7.1853
542.458,4,-0.2448,-7.1853
542.602,4,-0.2448,-7.1853
542.744,4,-0.2449,-7.1853
542.881,4,-0.2449,-7.1852
543.009,4,-0.2451,-7.1851
543.136,4,-0.2452,-7.1851
543.291,4,-0.2452,-7.1850
543.419,4,-0.2453,-7.1850
543.540,4,-0.2455,-7.1849
543.699,4,-0.2456,-7.1848
543.812,4,-0.2456,-7.1848
543.975,4,-0.2457,-7.1848
544.087,4,-0.2458,-7.1847
544.221,4,-0.2459,-7.1847
544.354,4,-0.2459,-7.1848
544.495,4,-0.2460,-7.1848
544.618,4,-0.2461,-7.1848
544.768,4,-0.2461,-7.1849
544.894,4,-0.2462,-7.1850
545.043,4,-0.2463,-7.1851
545.173,4,-0.2464,-7.1852
545.310,4,-0.2465,-7.1854
546.382,4,-0.2479,-7.1877
546.512,4,-0.2488,-7.1893
546.656,4,-0.2495,-7.1904
546.788,4,-0.2500,-7.1912
546.915,4,-0.2503,-7.1917
547.039,4,-0.2506,-7.1921
547.176,4,-0.2508,-7.1923
547.312,4,-0.2510,-7.1925
548.522,4,-0.2528,-7.1954
549.331,4,-0.2553,-7.1994
549.443,4,-0.2570,-7.2023
550.657,4,-0.2600,-7.2072
550.786,4,-0.2621,-7.2106
550.914,4,-0.2636,-7.2130
551.043,4,-0.2647,-7.2149
551.185,4,-0.2657,-7.2163
551.320,4,-0.2665,-7.2175
551.457,4,-0.2672,-7.2186
551.583,4,-0.2678,-7.2194
551.743,4,-0.2683,-7.2202
551.866,4,-0.2688,-7.2209
552.002,4,-0.2620,-7.2096
552.144,4,-0.2572,-7.2017
552.262,4,-0.2539,-7.1960
552.424,4,-0.2517,-7.1919
552.541,4,-0.2503,-7.1910
552.676,4,-0.2494,-7.1912
552.823,4,-0.2492,-7.1917
552.954,4,-0.2491,-7.1925
553.094,4,-0.2492,-7.1936
553.207,4,-0.2498,-7.1961
553.348,4,-0.2523,-7.1918
553.476,4,-0.2544,-7.1889
553.635,4,-0.2543,-7.1953
553.759,4,-0.2569,-7.1913
553.904,4,-0.2571,-7.1989
554.018,4,-0.2601,-7.1938
554.164,4,-0.2607,-7.2029
554.293,4,-0.2642,-7.1967
554.424,4,-0.2653,-7.2067
555.097,4,-0.2707,-7.1997
555.242,4,-0.2751,-7.1948
555.378,4,-0.2771,-7.2101
555.512,4,-0.2803,-7.2021
555.655,4,-0.2827,-7.1966
555.787,4,-0.2847,-7.1929
555.924,4,-0.2863,-7.1904
556.059,4,-0.2875,-7.1887
556.176,4,-0.2887,-7.1877
556.327,4,-0.2902,-7.1870
556.450,4,-0.2916,-7.1866
556.592,4,-0.2929,-7.1865
556.715,4,-0.2918,-7.2072
556.885,4,-0.2942,-7.2011
556.986,4,-0.2950,-7.2191
557.123,4,-0.2960,-7.2323
557.282,4,-0.2983,-7.2197
557.410,4,-0.3003,-7.2111
557.526,4,-0.2986,-7.2274
557.680,4,-0.2984,-7.2390
557.791,4,-0.2998,-7.2474
557.943,4,-0.3009,-7.2534
558.067,4,-0.3020,-7.2581
558.208,4,-0.3031,-7.2619
558.331,4,-0.3076,-7.2417
558.493,4,-0.3110,-7.2275
558.614,4,-0.3143,-7.2177
558.758,4,-0.3168,-7.2109
558.873,4,-0.3193,-7.2063
559.007,4,-0.3218,-7.2032
559.156,4,-0.3240,-7.2010
559.277,4,-0.3262,-7.1997
559.423,4,-0.3280,-7.1988
559.543,4,-0.3294,-7.1981
559.687,4,-0.3311,-7.1978
559.814,4,-0.3326,-7.1977
559.953,4,-0.3339,-7.1977
560.089,4,-0.3351,-7.1979
560.253,4,-0.3371,-7.1983
560.367,4,-0.3385,-7.1986
560.503,4,-0.3396,-7.1990
560.625,4,-0.3412,-7.1994
560.762,4,-0.3426,-7.1998
560.904,4,-0.3438,-7.2003
561.054,4,-0.3450,-7.2009
561.168,4,-0.3466,-7.2015
561.306,4,-0.3479,-7.2020
561.435,4,-0.3497,-7.2026
561.572,4,-0.3511,-7.2031
561.719,4,-0.3531,-7.2036
561.842,4,-0.3548,-7.2041
561.988,4,-0.3564,-7.2048
562.116,4,-0.3584,-7.2054
562.269,4,-0.3601,-7.2060
562.379,4,-0.3616,-7.2066
562.517,4,-0.3629,-7.2074
562.668,4,-0.3647,-7.2081
562.787,4,-0.3661,-7.2087
562.942,4,-0.3674,-7.2094
563.064,4,-0.3693,-7.2101
563.208,4,-0.3707,-7.2106
563.330,4,-0.3720,-7.2112
563.470,4,-0.3738,-7.2119
563.598,4,-0.3752,-7.2125
563.749,4,-0.3765,-7.2131
563.871,4,-0.3782,-7.2138
564.004,4,-0.3796,-7.2144
564.150,4,-0.3815,-7.2150
564.288,4,-0.3831,-7.2155
564.418,4,-0.3847,-7.2162
564.560,4,-0.3863,-7.2170
564.680,4,-0.3882,-7.2178
564.816,4,-0.3900,-7.2184
564.972,4,-0.3914,-7.2191
565.104,4,-0.3931,-7.2203
565.248,4,-0.3944,-7.2211
565.355,4,-0.3954,-7.2220
565.491,4,-0.3968,-7.2228
565.629,4,-0.3980,-7.2234
565.763,4,-0.3991,-7.2241
565.899,4,-0.4005,-7.2248
566.027,4,-0.4021,-7.2254
566.176,4,-0.4037,-7.2260
566.304,4,-0.4050,-7.2265
566.447,4,-0.4061,-7.2271
566.587,4,-0.4074,-7.2277
566.714,4,-0.4085,-7.2282
566.847,4,-0.4094,-7.2289
566.982,4,-0.4108,-7.2295
567.116,4,-0.4118,-7.2301
567.252,4,-0.4132,-7.2307
567.380,4,-0.4143,-7.2311
567.525,4,-0.4152,-7.2317
567.659,4,-0.4161,-7.2325
567.789,4,-0.4174,-7.2332
567.934,4,-0.4185,-7.2338
568.072,4,-0.4196,-7.2345
568.191,4,-0.4211,-7.2353
568.344,4,-0.4224,-7.2359
568.473,4,-0.4235,-7.2367
568.603,4,-0.4250,-7.2374
568.753,4,-0.4263,-7.2380
568.887,4,-0.4274,-7.2387
569.005,4,-0.4289,-7.2394
569.135,4,-0.4301,-7.2400
569.303,4,-0.4314,-7.2407
569.413,4,-0.4329,-7.2414
569.543,4,-0.4345,-7.2421
569.677,4,-0.4358,-7.2428
569.823,4,-0.4375,-7.2436
569.970,4,-0.4390,-7.2443
570.100,4,-0.4403,-7.2450
570.223,4,-0.4419,-7.2458
570.360,4,-0.4439,-7.2466
570.500,4,-0.4454,-7.2472
570.644,4,-0.4471,-7.2479
570.776,4,-0.4484,-7.2484
570.902,4,-0.4495,-7.2488
571.052,4,-0.4512,-7.2495
571.190,4,-0.4526,-7.2500
571.310,4,-0.4543,-7.2506
571.456,4,-0.4557,-7.2511
571.595,4,-0.4568,-7.2515
571.719,4,-0.4583,-7.2521
571.858,4,-0.4595,-7.2526
571.999,4,-0.4611,-7.2532
572.142,4,-0.4623,-7.2537
572.262,4,-0.4638,-7.2543
572.420,4,-0.4651,-7.2547
572.537,4,-0.4666,-7.2553
572.671,4,-0.4678,-7.2558
572.825,4,-0.4689,-7.2562
572.943,4,-0.4705,-7.2568
573.081,4,-0.4717,-7.2574
573.230,4,-0.4728,-7.2579
573.373,4,-0.4743,-7.2585
573.497,4,-0.4755,-7.2591
573.629,4,-0.4771,-7.2597
573.774,4,-0.4783,-7.2602
573.898,4,-0.4798,-7.2608
574.049,4,-0.4810,-7.2613
574.166,4,-0.4825,-7.2619
574.309,4,-0.4837,-7.2624
574.451,4,-0.4854,-7.2630
574.591,4,-0.4868,-7.2635
574.719,4,-0.4885,-7.2642
574.862,4,-0.4899,-7.2648
575.003,4,-0.4915,-7.2654
575.120,4,-0.4929,-7.2660
575.269,4,-0.4945,-7.2666
575.411,4,-0.4958,-7.2671
575.553,4,-0.4971,-7.2677
575.662,4,-0.4987,-7.2683
575.796,4,-0.5000,-7.2688
575.934,4,-0.5016,-7.2694
576.074,4,-0.5028,-7.2700
576.204,4,-0.5046,-7.2706
576.336,4,-0.5060,-7.2712
576.472,4,-0.5076,-7.2719
576.609,4,-0.5089,-7.2724
576.770,4,-0.5105,-7.2730
576.897,4,-0.5117,-7.2735
577.028,4,-0.5131,-7.2741
577.157,4,-0.5143,-7.2746
577.297,4,-0.5157,-7.2752
577.422,4,-0.5169,-7.2757
577.564,4,-0.5183,-7.2763
577.725,4,-0.5200,-7.2770
577.836,4,-0.5213,-7.2775
577.983,4,-0.5229,-7.2782
578.102,4,-0.5241,-7.2787
578.231,4,-0.5251,-7.2791
578.369,4,-0.5263,-7.2796
578.515,4,-0.5282,-7.2804
578.642,4,-0.5297,-7.2810
578.796,4,-0.5314,-7.2817
578.920,4,-0.5326,-7.2822
579.043,4,-0.5343,-7.2830
579.182,4,-0.5361,-7.2837
579.338,4,-0.5376,-7.2844
579.454,4,-0.5392,-7.2851
579.593,4,-0.5405,-7.2857
579.736,4,-0.5421,-7.2864
579.874,4,-0.5433,-7.2869
580.015,4,-0.5450,-7.2877
580.135,4,-0.5463,-7.2882
580.271,4,-0.5480,-7.2890
580.438,4,-0.5493,-7.2896
580.554,4,-0.5510,-7.2904
580.679,4,-0.5522,-7.2909
580.833,4,-0.5538,-7.2916
580.954,4,-0.5551,-7.2922
581.098,4,-0.5566,-7.2929
581.225,4,-0.5582,-7.2937
581.362,4,-0.5600,-7.2945
581.492,4,-0.5613,-7.2952
581.646,4,-0.5628,-7.2959
581.775,4,-0.5640,-7.2965
581.903,4,-0.5656,-7.2972
582.046,4,-0.5667,-7.2978
582.178,4,-0.5681,-7.2984
582.330,4,-0.5697,-7.2992
582.466,4,-0.5712,-7.2999
582.586,4,-0.5728,-7.3006
582.720,4,-0.5742,-7.3014
582.853,4,-0.5758,-7.3021
582.990,4,-0.5771,-7.3028
583.146,4,-0.5786,-7.3036
583.262,4,-0.5804,-7.3045
583.399,4,-0.5816,-7.3051
583.559,4,-0.5831,-7.3059
583.676,4,-0.5843,-7.3065
583.803,4,-0.5856,-7.3071
583.940,4,-0.5872,-7.3079
584.111,4,-0.5884,-7.3084
584.214,4,-0.5900,-7.3092
584.369,4,-0.5911,-7.3098
584.488,4,-0.5927,-7.3106
584.632,4,-0.5938,-7.3112
584.761,4,-0.5953,-7.3121
584.894,4,-0.5964,-7.3127
585.040,4,-0.5979,-7.3135
585.189,4,-0.5990,-7.3141
1450.461,5,3.0247,-7.0900
1472.627,6,-5.2930,-1.2921
1472.763,6,-5.2947,-1.2924
1472.900,6,-5.2951,-1.2909
1473.063,6,-5.2942,-1.2869
1473.191,6,-5.2910,-1.2799
1473.333,6,-5.2887,-1.2750
1473.502,6,-5.2867,-1.2710
1473.649,6,-5.2854,-1.2683
1475.343,6,-5.2808,-1.2613
1475.498,6,-5.2776,-1.2564
1475.622,6,-5.2753,-1.2530
1475.765,6,-5.2738,-1.2506
1475.928,6,-5.2727,-1.2490
1476.055,6,-5.2719,-1.2478
1476.218,6,-5.2714,-1.2470
1476.344,6,-5.2710,-1.2464
1476.492,6,-5.2707,-1.2460
1476.633,6,-5.2705,-1.2458
1476.799,6,-5.2703,-1.2456
1476.944,6,-5.2701,-1.2455
1477.069,6,-5.2699,-1.2455
1477.218,6,-5.2695,-1.2457
1477.353,6,-5.2691,-1.2458
1477.524,6,-5.2689,-1.2459
1477.645,6,-5.2687,-1.2460
1477.794,6,-5.2684,-1.2462
1477.955,6,-5.2680,-1.2465
1478.081,6,-5.2677,-1.2468
1478.243,6,-5.2674,-1.2470
1478.384,6,-5.2670,-1.2469
1478.514,6,-5.2664,-1.2467
1478.669,6,-5.2657,-1.2464
1478.823,6,-5.2641,-1.2451
1478.975,6,-5.2628,-1.2442
1479.101,6,-5.2619,-1.2435
1479.244,6,-5.2602,-1.2421
1479.381,6,-5.2590,-1.2411
1479.543,6,-5.2581,-1.2404
1479.668,6,-5.2566,-1.2391
1479.832,6,-5.2555,-1.2381
1479.968,6,-5.2547,-1.2375
1480.100,6,-5.2540,-1.2371
1480.255,6,-5.2532,-1.2367
1480.414,6,-5.2523,-1.2363
1480.554,6,-5.2505,-1.2351
1480.694,6,-5.2493,-1.2342
1480.831,6,-5.2467,-1.2323
1480.972,6,-5.2450,-1.2309
1481.116,6,-5.2437,-1.2300
1481.260,6,-5.2428,-1.2293
1481.403,6,-5.2422,-1.2288
1481.545,6,-5.2413,-1.2280
1481.698,6,-5.2406,-1.2275
1481.836,6,-5.2401,-1.2271
1481.997,6,-5.2387,-1.2259
1482.123,6,-5.2376,-1.2251
1482.283,6,-5.2367,-1.2243
1482.414,6,-5.2358,-1.2236
1482.563,6,-5.2340,-1.2221
1482.699,6,-5.2326,-1.2210
1482.838,6,-5.2314,-1.2200
1482.989,6,-5.2304,-1.2193
1483.139,6,-5.2291,-1.2193
1483.270,6,-5.2272,-1.2185
1483.422,6,-5.2257,-1.2179
1483.573,6,-5.2245,-1.2174
1483.705,6,-5.2234,-1.2169
1483.863,6,-5.2216,-1.2158
1484.002,6,-5.2201,-1.2150
1484.143,6,-5.2189,-1.2141
1484.289,6,-5.2169,-1.2128
1484.423,6,-5.2155,-1.2118
1484.588,6,-5.2144,-1.2111
1484.715,6,-5.2124,-1.2097
1484.866,6,-5.2103,-1.2082
1485.020,6,-5.2088,-1.2071
1485.165,6,-5.2077,-1.2063
1485.294,6,-5.2060,-1.2051
1485.443,6,-5.2047,-1.2042
1485.593,6,-5.2036,-1.2034
1485.731,6,-5.2016,-1.2019
1485.874,6,-5.2001,-1.2009
1486.036,6,-5.1989,-1.2000
1486.178,6,-5.1969,-1.1986
1486.314,6,-5.1952,-1.1974
1486.458,6,-5.1930,-1.1958
1486.606,6,-5.1914,-1.1946
1486.738,6,-5.1903,-1.1939
1486.894,6,-5.1895,-1.1933
1487.052,6,-5.1888,-1.1928
1487.174,6,-5.1880,-1.1923
1487.332,6,-5.1861,-1.1910
1487.473,6,-5.1844,-1.1899
1487.622,6,-5.1819,-1.1881
1487.751,6,-5.1790,-1.1861
1487.913,6,-5.1768,-1.1845
1488.058,6,-5.1751,-1.1834
1488.203,6,-5.1739,-1.1825
1488.341,6,-5.1728,-1.1817
