Time,Distance_Remaining
0.100,12.9250
0.301,12.9250
0.501,12.9250
0.702,12.9250
0.902,12.9250
1.102,12.9250
1.303,12.9250
1.503,12.9250
1.703,12.8935
1.904,12.8935
2.104,12.8784
2.304,12.8784
2.505,12.8784
2.705,12.8784
2.905,12.8784
3.107,12.8784
3.307,12.8784
3.507,12.8784
3.708,12.8435
3.908,12.8435
4.116,12.8435
4.316,12.8330
4.517,12.8330
4.717,12.8330
4.917,12.8330
5.118,12.8330
5.318,12.8330
5.518,12.8330
5.719,12.7935
5.919,12.7935
6.119,12.7935
6.320,12.7864
6.520,12.7864
6.721,12.7864
6.921,12.7864
7.122,12.7864
7.322,12.7864
7.522,12.7864
7.723,12.7435
7.923,12.7435
8.124,12.7435
8.324,12.7397
8.524,12.7397
8.725,12.7397
8.925,12.7397
9.126,12.7397
9.326,12.7397
9.527,12.7397
9.727,12.7397
9.928,12.6935
10.128,12.6935
10.328,12.6932
10.529,12.6932
10.729,12.6932
10.929,12.6932
11.130,12.6932
11.335,12.6932
11.535,12.6932
11.736,12.6932
11.937,12.6932
12.137,12.6435
12.338,12.6435
12.539,12.6480
12.739,12.6480
12.940,12.6480
13.140,12.6480
13.341,12.6480
13.541,12.6480
13.741,12.6185
13.942,12.6185
14.143,12.6185
14.343,12.6185
14.544,12.5823
14.744,12.5823
14.945,12.5823
15.145,12.5823
15.345,12.5823
15.545,12.5823
15.746,12.5823
15.947,12.5435
16.147,12.5435
16.347,12.5435
16.548,12.5357
16.749,12.5357
16.949,12.5357
17.150,12.5357
17.350,12.5357
17.550,12.5357
17.751,12.5357
17.952,12.5357
18.152,12.4935
18.353,12.4935
18.559,12.4935
18.760,12.4893
18.960,12.4893
19.160,12.4893
19.360,12.4893
19.561,12.4893
19.761,12.4893
19.962,12.4893
20.162,12.4893
20.363,12.4435
20.564,12.4435
20.764,12.4427
20.965,12.4427
21.166,12.4427
21.366,12.4427
21.567,12.4427
21.767,12.4427
21.968,12.4427
22.168,12.4427
22.369,12.3935
22.569,12.3935
22.770,12.3976
22.970,12.3976
23.170,12.3976
23.371,12.3976
23.571,12.3976
23.772,12.3976
23.972,12.3976
24.172,12.3685
24.373,12.3685
24.573,12.3685
24.773,12.3317
24.974,12.3317
25.174,12.3317
25.375,12.3317
25.575,12.3317
25.782,12.3317
25.982,12.3317
26.182,12.3317
26.383,12.2935
26.583,12.2935
26.784,12.2935
26.984,12.2853
27.185,12.2853
27.385,12.2853
27.585,12.2853
27.786,12.2853
27.986,12.2853
28.187,12.2853
28.388,12.2853
28.589,12.2435
28.789,12.2435
28.990,12.2389
29.190,12.2389
29.391,12.2389
29.591,12.2389
29.792,12.2389
30.000,12.2389
30.201,12.2389
30.401,12.2389
30.602,12.1935
30.802,12.1935
31.003,12.1938
31.203,12.1938
31.403,12.1938
31.604,12.1938
31.804,12.1938
32.004,12.1938
32.205,12.1938
32.405,12.1685
32.606,12.1685
32.806,12.1685
33.014,12.1685
33.214,12.1472
33.415,12.1472
33.615,12.1472
33.816,12.1472
34.029,12.1472
34.230,12.1278
34.430,12.1278
34.631,12.0935
34.831,12.0935
35.031,12.0935
35.232,12.0815
35.434,12.0815
35.635,12.0815
35.836,12.0815
36.036,12.0815
36.237,12.0815
36.437,12.0815
36.637,12.0815
36.838,12.0435
37.038,12.0435
37.239,12.0350
37.439,12.0350
37.640,12.0350
37.840,12.0350
38.040,12.0350
38.241,12.0350
38.441,12.0350
38.643,12.0350
38.843,11.9935
39.043,11.9935
39.244,11.9900
39.444,11.9900
39.645,11.9900
39.845,11.9900
40.046,11.9900
40.246,11.9900
40.446,11.9900
40.647,11.9900
40.848,11.9900
41.048,11.9435
41.257,11.9435
41.458,11.9435
41.658,11.9435
41.859,11.9435
42.059,11.9435
42.260,11.9435
42.460,11.9240
42.660,11.9240
42.861,11.8935
43.062,11.8935
43.263,11.8935
43.463,11.8775
43.664,11.8775
43.864,11.8775
44.065,11.8775
44.266,11.8775
44.466,11.8775
44.667,11.8775
44.867,11.8435
45.068,11.8435
45.268,11.8435
45.468,11.8313
45.669,11.8313
45.869,11.8313
46.070,11.8313
46.270,11.8313
46.471,11.8313
46.671,11.8313
46.872,11.8313
47.072,11.7935
47.273,11.7935
47.473,11.7849
47.674,11.7849
47.874,11.7849
48.074,11.7849
48.275,11.7849
48.482,11.7849
48.682,11.7849
48.883,11.7849
49.083,11.7849
49.284,11.7435
49.499,11.7435
49.700,11.7399
49.901,11.7399
50.102,11.7399
50.302,11.7399
50.502,11.7399
50.703,11.7399
50.903,11.7399
51.103,11.7399
51.304,11.7399
51.505,11.6935
51.705,11.6739
51.905,11.6739
52.106,11.6739
52.306,11.6739
52.507,11.6739
52.710,11.6739
52.910,11.6739
53.111,11.6739
53.311,11.6435
53.512,11.6435
53.715,11.6276
53.915,11.6276
54.116,11.6276
54.317,11.6276
54.518,11.6276
54.718,11.6276
54.919,11.6276
55.119,11.6276
55.320,11.5935
55.520,11.5935
55.730,11.5935
55.930,11.5812
56.131,11.5812
56.332,11.5812
56.532,11.5812
56.732,11.5812
56.933,11.5812
57.133,11.5812
57.334,11.5812
57.534,11.5435
57.735,11.5435
57.935,11.5363
58.136,11.5363
58.337,11.5363
58.537,11.5363
58.738,11.5363
58.938,11.5363
59.138,11.5363
59.339,11.5363
59.539,11.5363
59.740,11.4935
59.940,11.4902
60.141,11.4902
60.341,11.4902
60.541,11.4902
60.742,11.4902
60.942,11.4704
61.142,11.4704
61.342,11.4435
61.543,11.4435
61.743,11.4435
61.943,11.4240
62.144,11.4240
62.344,11.4240
62.544,11.4240
62.744,11.4240
62.945,11.4240
63.145,11.4240
63.345,11.4240
63.546,11.3935
63.746,11.3935
63.957,11.3935
64.157,11.3776
64.358,11.3776
64.558,11.3776
64.758,11.3776
64.959,11.3776
65.159,11.3776
65.359,11.3776
65.560,11.3435
65.760,11.3435
65.960,11.3435
66.161,11.3329
66.361,11.3329
66.561,11.3329
66.762,11.3329
66.962,11.3329
67.162,11.3329
67.363,11.3329
67.563,11.3329
67.763,11.2935
67.964,11.2935
68.164,11.2867
68.364,11.2867
68.564,11.2867
68.765,11.2867
68.965,11.2867
69.165,11.2668
69.366,11.2668
69.566,11.2668
69.766,11.2668
69.967,11.2185
70.167,11.2204
70.367,11.2204
70.567,11.2204
70.768,11.2204
70.968,11.2204
71.169,11.2204
71.369,11.2204
71.570,11.1935
71.770,11.1935
71.970,11.1935
72.171,11.1935
72.371,11.1742
72.571,11.1742
72.772,11.1742
72.972,11.1742
73.172,11.1742
73.373,11.1742
73.573,11.1742
73.773,11.1435
73.974,11.1435
74.174,11.1435
74.374,11.1295
74.575,11.1295
74.775,11.1295
74.976,11.1295
75.176,11.1295
75.376,11.1295
75.577,11.1295
75.777,11.1295
75.977,11.0935
76.177,11.0935
76.378,11.0633
76.578,11.0633
76.778,11.0633
76.979,11.0633
77.179,11.0633
77.381,11.0633
77.581,11.0633
77.782,11.0633
77.982,11.0633
78.182,11.0185
78.396,11.0170
78.596,11.0170
78.797,11.0170
78.997,11.0170
79.199,11.0170
79.408,11.0170
79.609,11.0170
79.809,11.0170
80.009,11.0170
80.210,10.9685
80.410,10.9685
80.611,10.9707
80.811,10.9707
81.011,10.9707
81.212,10.9707
81.412,10.9707
81.612,10.9707
81.813,10.9435
82.013,10.9435
82.213,10.9435
82.414,10.9435
82.614,10.9262
82.814,10.9262
83.015,10.9262
83.215,10.9262
83.416,10.9262
83.616,10.9061
83.816,10.9061
84.017,10.9061
84.217,10.9061
84.417,10.8685
84.618,10.8599
84.818,10.8599
85.018,10.8599
85.219,10.8599
85.419,10.8599
85.619,10.8599
85.820,10.8599
86.020,10.8599
86.221,10.8599
86.421,10.8185
86.629,10.8185
86.830,10.8185
87.030,10.8185
87.230,10.8185
87.431,10.8185
87.635,10.8185
87.836,10.8137
88.036,10.8137
88.236,10.8137
88.437,10.8137
88.637,10.7685
88.838,10.7685
89.038,10.7685
89.239,10.7685
89.439,10.7685
89.639,10.7685
89.840,10.7473
90.040,10.7473
90.241,10.7473
90.441,10.7185
90.641,10.7185
90.842,10.7185
91.042,10.7185
91.243,10.7185
91.443,10.7185
91.643,10.6935
91.844,10.7027
92.044,10.7027
92.244,10.7027
92.445,10.7027
92.645,10.7027
92.845,10.6685
93.046,10.6685
93.246,10.6685
93.447,10.6685
93.647,10.6685
93.847,10.6566
94.048,10.6566
94.248,10.6566
94.448,10.6566
94.649,10.6566
94.857,10.6185
95.058,10.5935
95.258,10.5935
95.458,10.5935
95.659,10.5935
95.859,10.5935
96.060,10.5902
96.260,10.5902
96.460,10.5902
96.661,10.5902
96.861,10.5902
97.062,10.5902
97.262,10.5902
97.463,10.5435
97.663,10.5435
97.863,10.5435
98.064,10.5439
98.264,10.5439
98.465,10.5439
98.665,10.5439
98.866,10.5439
99.066,10.5185
99.267,10.5185
99.467,10.5185
99.667,10.5185
99.868,10.5185
100.068,10.4792
100.268,10.4792
100.469,10.4792
100.671,10.4792
100.871,10.4792
101.072,10.4792
101.272,10.4792
101.472,10.4435
101.673,10.4435
101.873,10.4435
102.077,10.4435
102.278,10.4331
102.479,10.4331
102.679,10.4331
102.880,10.4331
103.081,10.4331
103.282,10.4331
103.483,10.4331
103.684,10.3935
103.884,10.3935
104.085,10.3935
104.285,10.3869
104.485,10.3869
104.686,10.3869
104.887,10.3869
105.089,10.3869
105.316,10.3667
105.517,10.3667
105.717,10.3667
105.918,10.3667
106.118,10.3185
106.319,10.3205
106.519,10.3205
106.720,10.3205
106.920,10.3205
107.121,10.3205
107.321,10.3205
107.522,10.3205
107.722,10.3205
107.922,10.2935
108.123,10.2935
108.323,10.2761
108.523,10.2761
108.724,10.2761
108.924,10.2761
109.125,10.2761
109.329,10.2761
109.530,10.2761
109.730,10.2761
109.931,10.2761
110.132,10.2761
110.333,10.2435
110.533,10.2185
110.733,10.2185
110.934,10.2185
111.134,10.2185
111.335,10.2185
111.535,10.2096
111.736,10.2096
111.936,10.2096
112.137,10.2096
112.337,10.2096
112.537,10.1685
112.738,10.1685
112.938,10.1685
113.139,10.1685
113.340,10.1685
113.540,10.1634
113.741,10.1634
113.941,10.1634
114.142,10.1634
114.342,10.1634
114.543,10.1433
114.743,10.1433
114.944,10.0935
115.144,10.0935
115.344,10.0935
115.545,10.0987
115.745,10.0987
115.945,10.0987
116.146,10.0987
116.346,10.0987
116.555,10.0987
116.756,10.0685
116.956,10.0685
117.156,10.0685
117.357,10.0685
117.565,10.0685
117.766,10.0525
117.966,10.0525
118.167,10.0525
118.367,10.0525
118.575,10.0525
118.775,10.0325
118.976,10.0325
119.176,9.9935
119.377,9.9935
119.577,9.9935
119.778,9.9861
119.978,9.9861
120.179,9.9861
120.379,9.9861
120.580,9.9861
120.780,9.9861
120.981,9.9861
121.182,9.9861
121.384,9.9861
121.584,9.9435
121.785,9.9399
121.986,9.9399
122.186,9.9399
122.387,9.9399
122.587,9.9399
122.813,9.9198
123.014,9.9198
123.214,9.9198
123.415,9.8935
123.615,9.8935
123.816,9.8935
124.016,9.8935
124.216,9.8935
124.417,9.8935
124.617,9.8685
124.818,9.8752
125.018,9.8752
125.219,9.8752
125.420,9.8752
125.621,9.8752
125.827,9.8552
126.028,9.8185
126.228,9.8185
126.429,9.8185
126.630,9.8185
126.844,9.8185
127.044,9.8090
127.245,9.8090
127.445,9.8090
127.646,9.8090
127.861,9.8090
128.062,9.8090
128.262,9.8090
128.463,9.7685
128.663,9.7685
128.863,9.7685
129.066,9.7627
129.267,9.7627
129.467,9.7627
129.667,9.7627
129.868,9.7627
130.068,9.7427
130.269,9.7427
130.469,9.7427
130.670,9.7427
130.870,9.6935
131.071,9.6964
131.272,9.6964
131.472,9.6964
131.673,9.6964
131.873,9.6964
132.074,9.6964
132.274,9.6964
132.474,9.6964
132.675,9.6685
132.876,9.6685
133.076,9.6685
133.276,9.6685
133.477,9.6685
133.677,9.6685
133.878,9.6435
134.078,9.6318
134.278,9.6318
134.479,9.6318
134.679,9.6318
134.880,9.6318
135.089,9.6318
135.289,9.5935
135.490,9.5935
135.690,9.5935
135.891,9.5935
136.091,9.5935
136.292,9.5856
136.492,9.5856
136.693,9.5856
136.893,9.5856
137.094,9.5856
137.294,9.5658
137.495,9.5658
137.695,9.5185
137.896,9.5185
138.097,9.5185
138.299,9.5193
138.500,9.5193
138.700,9.5193
138.900,9.5193
139.101,9.5193
139.303,9.5193
139.503,9.4935
139.705,9.4935
139.906,9.4935
140.106,9.4935
140.308,9.4935
140.509,9.4730
140.709,9.4730
140.910,9.4730
141.110,9.4730
141.315,9.4533
141.515,9.4533
141.716,9.4533
141.916,9.4533
142.117,9.4185
142.330,9.4185
142.531,9.4185
142.731,9.4185
142.931,9.4185
143.132,9.4185
143.333,9.4185
143.533,9.4084
143.733,9.4084
143.934,9.4084
144.134,9.4084
144.336,9.4084
144.537,9.3887
144.737,9.3435
144.937,9.3435
145.138,9.3435
145.339,9.3435
145.540,9.3424
145.741,9.3424
145.941,9.3424
146.141,9.3424
146.342,9.3424
146.542,9.3424
146.743,9.3424
146.943,9.3424
147.144,9.2935
147.345,9.2935
147.545,9.2960
147.745,9.2960
147.946,9.2960
148.146,9.2960
148.347,9.2960
148.558,9.2960
148.759,9.2764
148.959,9.2764
149.160,9.2435
149.360,9.2435
149.572,9.2435
149.772,9.2315
149.972,9.2315
150.173,9.2315
150.373,9.2315
150.590,9.2315
150.791,9.2315
150.991,9.2315
151.191,9.2315
151.392,9.2315
151.615,9.2315
151.815,9.1685
152.015,9.1685
152.216,9.1685
152.417,9.1685
152.617,9.1685
152.817,9.1654
153.018,9.1654
153.218,9.1654
153.419,9.1654
153.619,9.1654
153.819,9.1654
154.020,9.1654
154.220,9.1654
154.420,9.1185
154.621,9.1185
154.822,9.1191
155.022,9.1191
155.222,9.1191
155.423,9.1191
155.623,9.1191
155.824,9.0997
156.024,9.0997
156.224,9.0997
156.425,9.0685
156.625,9.0685
156.826,9.0685
157.026,9.0685
157.227,9.0685
157.429,9.0685
157.630,9.0685
157.830,9.0531
158.030,9.0531
158.231,9.0531
158.431,9.0531
158.632,9.0531
158.834,9.0531
159.035,8.9935
159.237,8.9935
159.437,8.9935
159.638,8.9935
159.864,8.9935
160.064,8.9887
160.265,8.9887
160.465,8.9887
160.665,8.9887
160.866,8.9887
161.066,8.9887
161.267,8.9887
161.467,8.9887
161.667,8.9435
161.868,8.9435
162.068,8.9421
162.269,8.9421
162.469,8.9421
162.670,8.9421
162.870,8.9421
163.070,8.9228
163.270,8.9228
163.471,8.9228
163.671,8.8935
163.872,8.8935
164.072,8.8935
164.273,8.8935
164.473,8.8935
164.673,8.8935
164.874,8.8935
165.074,8.8765
165.275,8.8765
165.475,8.8765
165.676,8.8765
165.876,8.8765
166.076,8.8573
166.277,8.8185
166.477,8.8185
166.678,8.8185
166.878,8.8185
167.080,8.8185
167.280,8.8107
167.481,8.8107
167.682,8.8107
167.883,8.8107
168.083,8.8107
168.283,8.8107
168.484,8.8107
168.684,8.8107
168.884,8.7685
169.085,8.7685
169.285,8.7464
169.485,8.7464
169.686,8.7464
169.886,8.7464
170.087,8.7464
170.287,8.7464
170.488,8.7464
170.689,8.7464
170.890,8.7185
171.091,8.7185
171.301,8.7185
171.501,8.7185
171.702,8.7185
171.902,8.7185
172.103,8.7185
172.303,8.6807
172.503,8.6807
172.704,8.6807
172.904,8.6807
173.105,8.6807
173.311,8.6807
173.512,8.6807
173.712,8.6435
173.912,8.6435
174.113,8.6435
174.321,8.6342
174.521,8.6342
174.722,8.6342
174.922,8.6342
175.122,8.6342
175.323,8.6342
175.523,8.6153
175.724,8.6153
175.924,8.6153
176.125,8.6153
176.325,8.5685
176.526,8.5701
176.726,8.5701
176.927,8.5701
177.127,8.5701
177.328,8.5701
177.529,8.5701
177.729,8.5701
177.929,8.5701
178.130,8.5701
178.330,8.5435
178.531,8.5185
178.731,8.5185
178.931,8.5185
179.132,8.5185
179.332,8.5185
179.533,8.5045
179.733,8.5045
179.933,8.5045
180.134,8.5045
180.334,8.5045
180.535,8.5045
180.735,8.5045
180.936,8.4685
181.136,8.4685
181.337,8.4685
181.537,8.4391
181.737,8.4391
181.938,8.4391
182.138,8.4391
182.339,8.4391
182.545,8.4391
182.745,8.4391
182.946,8.4391
183.146,8.4391
183.347,8.4391
183.566,8.4391
183.767,8.3935
183.967,8.3935
184.167,8.3935
184.368,8.3935
184.568,8.3935
184.768,8.3739
184.969,8.3739
185.169,8.3739
185.370,8.3739
185.570,8.3739
185.770,8.3435
185.971,8.3435
186.171,8.3435
186.372,8.3435
186.572,8.3435
186.773,8.3284
186.973,8.3284
187.174,8.3284
187.376,8.3284
187.577,8.3284
187.777,8.3100
187.977,8.3100
188.178,8.3100
188.378,8.3100
188.579,8.3100
188.780,8.2685
188.981,8.2685
189.183,8.2685
189.383,8.2685
189.584,8.2685
189.799,8.2631
190.000,8.2631
190.201,8.2631
190.402,8.2631
190.603,8.2631
190.807,8.2185
191.007,8.2185
191.208,8.2185
191.409,8.2185
191.609,8.2185
191.822,8.2185
192.023,8.1979
192.223,8.1979
192.424,8.1979
192.624,8.1979
192.868,8.1979
193.069,8.1979
193.269,8.1979
193.470,8.1685
193.671,8.1685
193.891,8.1685
194.091,8.1435
194.291,8.1435
194.492,8.1435
194.692,8.1435
194.909,8.1435
195.109,8.1343
195.310,8.1343
195.510,8.1343
195.710,8.1343
195.911,8.1343
196.111,8.1343
196.312,8.0935
196.512,8.0935
196.712,8.0935
196.913,8.0935
197.113,8.0692
197.314,8.0692
197.514,8.0692
197.714,8.0692
197.915,8.0692
198.116,8.0692
198.316,8.0692
198.516,8.0435
198.717,8.0435
198.917,8.0435
199.117,8.0044
199.318,8.0044
199.518,8.0044
199.719,8.0044
199.919,8.0044
200.119,8.0044
200.320,8.0044
200.520,8.0044
200.721,8.0044
200.922,8.0044
201.130,7.9685
201.330,7.9685
201.531,7.9685
201.731,7.9685
201.932,7.9685
202.136,7.9685
202.336,7.9397
202.538,7.9397
202.738,7.9397
202.939,7.9397
203.139,7.9397
203.340,7.9397
203.540,7.9397
203.741,7.9397
203.941,7.8935
204.142,7.8935
204.343,7.8937
204.543,7.8937
204.744,7.8937
204.944,7.8937
205.145,7.8937
205.345,7.8762
205.546,7.8762
205.746,7.8762
205.947,7.8762
206.147,7.8435
206.347,7.8435
206.548,7.8435
206.748,7.8435
206.948,7.8435
207.149,7.8435
207.349,7.8291
207.550,7.8291
207.750,7.8291
207.951,7.8291
208.151,7.8291
208.353,7.8291
208.553,7.8117
208.754,7.8117
208.954,7.7685
209.155,7.7685
209.368,7.7685
209.569,7.7645
209.770,7.7645
209.970,7.7645
210.171,7.7645
210.376,7.7645
210.577,7.7645
210.778,7.7645
210.978,7.7645
211.179,7.7645
211.379,7.7185
211.580,7.7185
211.780,7.7185
211.981,7.7185
212.181,7.6935
212.382,7.6935
212.583,7.7012
212.783,7.7012
212.984,7.7012
213.184,7.7012
213.385,7.6685
213.585,7.6685
213.786,7.6685
213.986,7.6685
214.186,7.6685
214.387,7.6685
214.607,7.6368
214.808,7.6368
215.008,7.6368
215.209,7.6368
215.409,7.6368
215.610,7.6368
215.810,7.6368
216.011,7.5935
216.211,7.5935
216.411,7.5935
216.613,7.5896
216.813,7.5896
217.014,7.5896
217.214,7.5896
217.415,7.5896
217.625,7.5896
217.825,7.5727
218.027,7.5727
218.228,7.5435
218.429,7.5435
218.631,7.5435
218.832,7.5253
219.032,7.5253
219.233,7.5253
219.434,7.5253
219.650,7.5253
219.851,7.5253
220.051,7.5253
220.251,7.5253
220.452,7.4935
220.652,7.4935
220.853,7.4935
221.053,7.4935
221.253,7.4935
221.454,7.4935
221.654,7.4685
221.855,7.4621
222.055,7.4621
222.255,7.4621
222.456,7.4621
222.656,7.4621
222.857,7.4621
223.058,7.4185
223.258,7.4185
223.458,7.4185
223.659,7.4185
223.860,7.4147
224.061,7.4147
224.261,7.4147
224.462,7.4147
224.663,7.4147
224.863,7.3685
225.063,7.3685
225.265,7.3685
225.465,7.3685
225.666,7.3685
225.866,7.3508
226.067,7.3508
226.267,7.3508
226.468,7.3508
226.668,7.3508
226.888,7.3508
227.088,7.3508
227.289,7.3508
227.490,7.3185
227.690,7.3185
227.900,7.3185
228.101,7.3033
228.302,7.3033
228.502,7.3033
228.703,7.3033
228.903,7.3033
229.104,7.2868
229.304,7.2868
229.505,7.2868
229.706,7.2868
229.907,7.2435
230.107,7.2403
230.307,7.2403
230.508,7.2403
230.708,7.2403
230.909,7.2403
231.109,7.2403
231.310,7.2403
231.511,7.2403
231.711,7.2403
231.912,7.2403
232.112,7.2403
232.313,7.1935
232.513,7.1935
232.714,7.1935
232.914,7.1935
233.115,7.1764
233.315,7.1764
233.516,7.1764
233.716,7.1764
233.916,7.1764
234.117,7.1435
234.317,7.1435
234.518,7.1435
234.718,7.1435
234.919,7.1435
235.132,7.1289
235.332,7.1289
235.533,7.1289
235.734,7.1289
235.934,7.1289
236.144,7.1289
236.345,7.0935
236.545,7.0935
236.746,7.0935
236.946,7.0935
237.156,7.0935
237.357,7.0651
237.557,7.0651
237.758,7.0651
237.958,7.0651
238.159,7.0651
238.359,7.0651
238.560,7.0651
238.760,7.0651
238.961,7.0185
239.161,7.0185
239.362,7.0185
239.566,7.0185
239.768,7.0185
239.969,7.0185
240.169,7.0185
240.370,7.0185
240.571,6.9935
240.771,6.9935
240.972,6.9935
241.172,6.9935
241.373,6.9547
241.573,6.9547
241.774,6.9547
241.975,6.9547
242.175,6.9547
242.376,6.9547
242.576,6.9547
242.777,6.9547
242.977,6.9185
243.178,6.9185
243.378,6.9071
243.578,6.9071
243.779,6.9071
243.979,6.9071
244.180,6.9071
244.392,6.9071
244.593,6.9071
244.793,6.9071
244.994,6.9071
245.194,6.8685
245.403,6.8685
245.604,6.8685
245.804,6.8685
246.005,6.8685
246.206,6.8685
246.406,6.8685
246.607,6.8445
246.807,6.8445
247.007,6.8445
247.208,6.8185
247.409,6.8185
247.609,6.8185
247.810,6.8185
248.010,6.8185
248.211,6.7935
248.411,6.7935
248.612,6.7969
248.813,6.7969
249.013,6.7969
249.214,6.7685
249.414,6.7685
249.614,6.7685
249.815,6.7685
250.015,6.7685
250.216,6.7685
250.416,6.7435
250.617,6.7333
250.817,6.7333
251.017,6.7333
251.218,6.7333
251.419,6.7333
251.619,6.7333
251.820,6.6935
252.021,6.6935
252.223,6.6935
252.424,6.6935
252.631,6.6935
252.832,6.6856
253.032,6.6856
253.233,6.6856
253.433,6.6856
253.636,6.6856
253.837,6.6435
254.037,6.6435
254.238,6.6435
254.438,6.6435
254.639,6.6435
254.839,6.6381
255.040,6.6381
255.241,6.6381
255.441,6.6381
255.642,6.6381
255.842,6.6381
256.042,6.5935
256.243,6.5935
256.443,6.5935
256.644,6.5935
256.844,6.5754
257.045,6.5754
257.245,6.5754
257.446,6.5754
257.646,6.5754
257.847,6.5435
258.047,6.5435
258.247,6.5435
258.448,6.5435
258.648,6.5435
258.849,6.5277
259.049,6.5277
259.250,6.5277
259.450,6.5277
259.651,6.5277
259.851,6.5277
260.052,6.4935
260.252,6.4935
260.455,6.4935
260.656,6.4935
260.869,6.4935
261.070,6.4801
261.270,6.4801
261.471,6.4801
261.671,6.4801
261.889,6.4801
262.089,6.4435
262.289,6.4435
262.490,6.4435
262.690,6.4435
262.891,6.4435
263.091,6.4166
263.291,6.4166
263.492,6.4166
263.693,6.4166
263.893,6.4166
264.093,6.4166
264.294,6.4166
264.494,6.3685
264.695,6.3685
264.895,6.3685
265.096,6.3699
265.296,6.3699
265.497,6.3699
265.697,6.3699
265.897,6.3699
266.101,6.3435
266.302,6.3435
266.502,6.3435
266.703,6.3435
266.903,6.3435
267.103,6.3222
267.304,6.3222
267.505,6.3222
267.705,6.3222
267.906,6.3222
268.116,6.3222
268.316,6.2935
268.517,6.2935
268.718,6.2935
268.918,6.2935
269.132,6.2935
269.332,6.2746
269.532,6.2746
269.733,6.2746
269.934,6.2746
270.135,6.2746
270.336,6.2435
270.536,6.2435
270.737,6.2435
270.938,6.2435
271.179,6.2435
271.379,6.2111
271.580,6.2111
271.780,6.2111
271.981,6.2111
272.192,6.2111
272.392,6.2111
272.593,6.1685
272.793,6.1685
272.993,6.1685
273.208,6.1685
273.409,6.1645
273.609,6.1645
273.810,6.1645
274.010,6.1645
274.211,6.1645
274.411,6.1645
274.613,6.1185
274.813,6.1185
275.014,6.1185
275.214,6.1185
275.415,6.1168
275.616,6.1168
275.816,6.1168
276.017,6.1168
276.217,6.1168
276.417,6.1168
276.618,6.1168
276.818,6.0685
277.019,6.0685
277.220,6.0685
277.420,6.0692
277.621,6.0692
277.822,6.0692
278.022,6.0692
278.223,6.0692
278.428,6.0435
278.628,6.0435
278.829,6.0435
279.029,6.0435
279.230,6.0185
279.436,6.0185
279.636,6.0055
279.837,6.0055
280.038,6.0055
280.240,6.0055
280.449,6.0055
280.650,5.9685
280.850,5.9685
281.051,5.9685
281.252,5.9685
281.466,5.9685
281.667,5.9580
281.867,5.9580
282.068,5.9580
282.268,5.9580
282.512,5.9580
282.712,5.9185
282.913,5.9185
283.113,5.9185
283.314,5.9185
283.518,5.9185
283.719,5.9114
283.919,5.9114
284.119,5.9114
284.320,5.9114
284.521,5.9114
284.721,5.8685
284.922,5.8685
285.122,5.8685
285.323,5.8685
285.524,5.8685
285.724,5.8638
285.926,5.8638
286.126,5.8638
286.326,5.8638
286.527,5.8638
286.727,5.8185
286.928,5.8185
287.128,5.8185
287.329,5.8185
287.530,5.7935
287.730,5.8001
287.931,5.8001
288.132,5.8001
288.332,5.8001
288.533,5.7685
288.733,5.7685
288.934,5.7685
289.134,5.7685
289.335,5.7685
289.536,5.7685
289.743,5.7435
289.943,5.7525
290.144,5.7525
290.345,5.7525
290.546,5.7185
290.752,5.7185
290.952,5.7185
291.153,5.7185
291.353,5.7185
291.554,5.7185
291.760,5.6935
291.961,5.7060
292.162,5.7060
292.362,5.7060
292.563,5.7060
292.802,5.6685
293.003,5.6685
293.203,5.6685
293.404,5.6685
293.606,5.6685
293.825,5.6685
294.026,5.6421
294.226,5.6421
294.427,5.6421
294.627,5.6421
294.836,5.6421
295.037,5.5935
295.237,5.5935
295.437,5.5935
295.638,5.5935
295.838,5.5935
296.039,5.5947
296.239,5.5947
296.440,5.5947
296.640,5.5685
296.841,5.5685
297.041,5.5685
297.242,5.5685
297.443,5.5685
297.643,5.5435
297.844,5.5435
298.044,5.5471
298.245,5.5471
298.445,5.5471
298.645,5.5185
298.846,5.5185
299.047,5.5185
299.247,5.5185
299.448,5.5185
299.648,5.5185
299.849,5.4935
300.049,5.5007
300.250,5.5007
300.450,5.5007
300.651,5.5007
300.851,5.4685
301.065,5.4685
301.265,5.4435
301.466,5.4435
301.667,5.4435
301.867,5.4435
302.081,5.4435
302.282,5.4367
302.482,5.4367
302.683,5.4367
302.884,5.4367
303.091,5.3935
303.291,5.3935
303.492,5.3935
303.692,5.3935
303.893,5.3935
304.112,5.3935
304.312,5.3893
304.512,5.3893
304.713,5.3893
304.914,5.3893
305.115,5.3435
305.315,5.3435
305.515,5.3435
305.716,5.3435
305.917,5.3435
306.117,5.3435
306.318,5.3417
306.518,5.3417
306.719,5.3417
306.920,5.3417
307.120,5.3417
307.321,5.2954
307.521,5.2954
307.722,5.2954
307.924,5.2954
308.125,5.2954
308.325,5.2954
308.526,5.2954
308.726,5.2685
308.927,5.2685
309.128,5.2685
309.328,5.2313
309.529,5.2313
309.729,5.2313
309.930,5.2313
310.130,5.2313
310.337,5.2313
310.538,5.2313
310.738,5.2313
310.939,5.1935
311.139,5.1935
311.346,5.1935
311.547,5.1839
311.747,5.1839
311.948,5.1839
312.148,5.1839
312.361,5.1839
312.562,5.1839
312.762,5.1839
312.963,5.1839
313.164,5.1435
313.365,5.1435
313.565,5.1364
313.766,5.1364
313.966,5.1364
314.166,5.1364
314.367,5.1364
314.567,5.1364
314.768,5.1364
314.972,5.1364
315.173,5.0935
315.374,5.0935
315.574,5.0890
315.774,5.0890
315.975,5.0890
316.176,5.0890
316.376,5.0890
316.576,5.0724
316.777,5.0724
316.977,5.0435
317.178,5.0435
317.378,5.0435
317.579,5.0260
317.779,5.0260
317.980,5.0260
318.180,5.0260
318.381,5.0260
318.594,5.0260
318.795,5.0260
318.996,4.9935
319.196,4.9935
319.397,4.9935
319.602,4.9786
319.803,4.9786
320.003,4.9786
320.203,4.9786
320.404,4.9786
320.616,4.9786
320.817,4.9786
321.017,4.9435
321.217,4.9435
321.418,4.9435
321.628,4.9435
321.829,4.9311
322.029,4.9311
322.229,4.9311
322.430,4.9311
322.631,4.9311
322.832,4.9311
323.033,4.9311
323.233,4.8935
323.434,4.8935
323.634,4.8935
323.834,4.8838
324.035,4.8838
324.235,4.8838
324.436,4.8838
324.636,4.8838
324.837,4.8670
325.037,4.8670
325.238,4.8670
325.438,4.8185
325.639,4.8185
325.839,4.8206
326.040,4.8206
326.240,4.8206
326.441,4.8206
326.641,4.8206
326.841,4.7935
327.042,4.7935
327.242,4.7935
327.443,4.7935
327.643,4.7935
327.844,4.7733
328.044,4.7733
328.246,4.7733
328.446,4.7733
328.647,4.7733
328.852,4.7733
329.053,4.7435
329.253,4.7435
329.454,4.7435
329.655,4.7435
329.898,4.7435
330.098,4.7259
330.298,4.7259
330.499,4.7259
330.699,4.7259
330.916,4.7259
331.117,4.6935
331.317,4.6935
331.518,4.6935
331.719,4.6935
331.936,4.6935
332.136,4.6786
332.336,4.6786
332.537,4.6786
332.738,4.6786
332.939,4.6786
333.139,4.6617
333.340,4.6617
333.541,4.6185
333.742,4.6185
333.946,4.6185
334.146,4.6155
334.346,4.6155
334.547,4.6155
334.748,4.6155
334.948,4.6155
335.149,4.6155
335.349,4.5685
335.550,4.5685
335.753,4.5685
335.953,4.5685
336.154,4.5681
336.354,4.5681
336.555,4.5681
336.755,4.5681
336.956,4.5681
337.156,4.5681
337.357,4.5681
337.558,4.5185
337.758,4.5185
337.958,4.5185
338.159,4.5208
338.359,4.5208
338.560,4.5208
338.761,4.5208
338.961,4.5208
339.168,4.4935
339.369,4.4935
339.569,4.4935
339.770,4.4935
339.970,4.4935
340.181,4.4685
340.382,4.4564
340.583,4.4564
340.783,4.4564
340.983,4.4564
341.199,4.4564
341.400,4.4185
341.601,4.4185
341.801,4.4185
342.002,4.4185
342.202,4.4185
342.402,4.4103
342.603,4.4103
342.804,4.4103
343.005,4.4103
343.205,4.4103
343.406,4.4103
343.606,4.3685
343.807,4.3685
344.008,4.3685
344.208,4.3685
344.409,4.3630
344.609,4.3630
344.810,4.3630
345.011,4.3630
345.211,4.3630
345.412,4.3630
345.612,4.3185
345.812,4.3185
346.013,4.3185
346.213,4.3185
346.414,4.3157
346.614,4.3157
346.814,4.3157
347.015,4.3157
347.215,4.3157
347.416,4.2685
347.616,4.2685
347.817,4.2685
348.017,4.2685
348.218,4.2685
348.429,4.2685
348.629,4.2513
348.830,4.2513
349.031,4.2513
349.232,4.2513
349.445,4.2185
349.645,4.2185
349.846,4.2185
350.046,4.2185
350.247,4.2185
350.452,4.2185
350.652,4.2052
350.853,4.2052
351.053,4.2052
351.254,4.2052
351.454,4.2052
351.655,4.1685
351.856,4.1685
352.056,4.1685
352.257,4.1685
352.458,4.1685
352.658,4.1579
352.858,4.1579
353.059,4.1579
353.259,4.1579
353.460,4.1579
353.661,4.1185
353.862,4.1185
354.062,4.1185
354.263,4.1185
354.463,4.1185
354.663,4.0933
354.864,4.0933
355.065,4.0933
355.265,4.0933
355.466,4.0933
355.666,4.0933
355.867,4.0435
356.067,4.0435
356.268,4.0435
356.468,4.0435
356.679,4.0435
356.880,4.0461
357.081,4.0461
357.281,4.0461
357.482,4.0185
357.686,4.0185
357.886,4.0185
358.087,4.0185
358.287,4.0185
358.488,3.9935
358.690,3.9935
358.890,4.0001
359.091,4.0001
359.291,4.0001
359.491,3.9685
359.692,3.9685
359.892,3.9685
360.092,3.9685
360.293,3.9685
360.494,3.9685
360.694,3.9435
360.894,3.9529
361.095,3.9529
361.296,3.9529
361.496,3.9529
361.697,3.9185
361.898,3.9185
362.099,3.9185
362.299,3.9185
362.500,3.9185
362.701,3.9185
362.902,3.8883
363.102,3.8883
363.303,3.8883
363.504,3.8883
363.704,3.8883
363.905,3.8435
364.108,3.8435
364.309,3.8435
364.509,3.8435
364.710,3.8435
364.910,3.8424
365.111,3.8424
365.312,3.8424
365.512,3.8424
365.713,3.8424
365.918,3.7935
366.119,3.7935
366.319,3.7935
366.519,3.7935
366.720,3.7935
366.931,3.7935
367.132,3.7951
367.333,3.7951
367.534,3.7685
367.734,3.7685
367.970,3.7685
368.171,3.7685
368.371,3.7685
368.573,3.7435
368.773,3.7435
368.979,3.7435
369.180,3.7481
369.380,3.7481
369.581,3.7185
369.782,3.7185
369.983,3.7185
370.183,3.7010
370.384,3.7010
370.585,3.7010
370.785,3.7010
370.985,3.7010
371.186,3.6832
371.386,3.6832
371.587,3.6832
371.787,3.6435
371.988,3.6435
372.188,3.6374
372.389,3.6374
372.589,3.6374
372.790,3.6374
372.990,3.6374
373.204,3.6374
373.405,3.6374
373.605,3.6374
373.805,3.5935
374.006,3.5935
374.206,3.5904
374.407,3.5904
374.607,3.5904
374.808,3.5904
375.009,3.5904
375.214,3.5904
375.414,3.5904
375.615,3.5904
375.815,3.5904
376.016,3.5435
376.230,3.5435
376.430,3.5433
376.631,3.5433
376.831,3.5433
377.032,3.5433
377.244,3.5433
377.445,3.5433
377.646,3.5433
377.847,3.5433
378.048,3.5433
378.262,3.4935
378.463,3.4979
378.664,3.4979
378.864,3.4979
379.065,3.4979
379.312,3.4979
379.512,3.4979
379.712,3.4685
379.913,3.4685
380.113,3.4685
380.320,3.4685
380.520,3.4510
380.721,3.4510
380.921,3.4510
381.122,3.4510
381.340,3.4510
381.540,3.4326
381.740,3.4326
381.941,3.3935
382.141,3.3935
382.342,3.3935
382.543,3.3856
382.743,3.3856
382.944,3.3856
383.145,3.3856
383.346,3.3856
383.546,3.3856
383.746,3.3856
383.947,3.3435
384.147,3.3435
384.348,3.3435
384.549,3.3386
384.749,3.3386
384.949,3.3386
385.150,3.3386
385.351,3.3386
385.551,3.3386
385.752,3.3386
385.953,3.3386
386.153,3.2935
386.353,3.2935
386.554,3.2935
386.755,3.2935
386.955,3.2935
387.156,3.2935
387.356,3.2935
387.558,3.2935
387.758,3.2935
387.959,3.2935
388.159,3.2435
388.360,3.2435
388.561,3.2435
388.764,3.2466
388.965,3.2466
389.166,3.2466
389.366,3.2466
389.588,3.2466
389.789,3.2185
389.990,3.2185
390.190,3.2185
390.390,3.2185
390.605,3.2185
390.806,3.1999
391.006,3.1999
391.206,3.1999
391.407,3.1999
391.636,3.1999
391.836,3.1435
392.037,3.1435
392.237,3.1435
392.438,3.1435
392.649,3.1435
392.850,3.1360
393.051,3.1360
393.251,3.1360
393.452,3.1360
393.652,3.1360
393.853,3.1360
394.053,3.0935
394.253,3.0935
394.454,3.0935
394.654,3.0935
394.855,3.0891
395.055,3.0891
395.256,3.0891
395.456,3.0891
395.657,3.0891
395.857,3.0891
396.057,3.0435
396.259,3.0435
396.460,3.0435
396.660,3.0435
396.861,3.0424
397.062,3.0424
397.263,3.0424
397.463,3.0424
397.664,3.0424
397.864,3.0424
398.064,2.9935
398.265,2.9935
398.465,2.9935
398.666,2.9935
398.867,2.9978
399.067,2.9978
399.268,2.9978
399.468,2.9978
399.670,2.9685
399.873,2.9685
400.074,2.9685
400.274,2.9685
400.475,2.9685
400.675,2.9435
400.879,2.9435
401.079,2.9512
401.280,2.9512
401.481,2.9512
401.681,2.9185
401.882,2.9185
402.084,2.9185
402.285,2.9185
402.486,2.9185
402.687,2.9185
402.888,2.8935
403.088,2.9046
403.289,2.9046
403.489,2.9046
403.690,2.8685
403.890,2.8685
404.090,2.8604
404.291,2.8604
404.491,2.8604
404.692,2.8604
404.894,2.8604
405.117,2.8604
405.318,2.8604
405.519,2.8604
405.719,2.8604
405.920,2.8185
406.120,2.7940
406.321,2.7940
406.522,2.7940
406.722,2.7940
406.923,2.7940
407.123,2.7940
407.324,2.7940
407.525,2.7685
407.725,2.7685
407.926,2.7685
408.136,2.7685
408.337,2.7474
408.537,2.7474
408.738,2.7474
408.938,2.7474
409.143,2.7474
409.343,2.7474
409.543,2.7185
409.744,2.7185
409.944,2.7185
410.152,2.7185
410.352,2.7034
410.552,2.7034
410.753,2.7034
410.953,2.7034
411.154,2.7034
411.354,2.7034
411.556,2.7034
411.757,2.6685
411.957,2.6685
412.158,2.6685
412.359,2.6571
412.559,2.6571
412.760,2.6571
412.960,2.6571
413.161,2.6571
413.361,2.6571
413.562,2.6571
413.762,2.6185
413.963,2.6185
414.163,2.6185
414.364,2.6112
414.564,2.6112
414.765,2.6112
414.966,2.6112
415.166,2.6112
415.367,2.6112
415.568,2.6112
415.768,2.5685
415.969,2.5685
416.170,2.5685
416.370,2.5676
416.570,2.5676
416.771,2.5676
416.971,2.5676
417.172,2.5676
417.385,2.5676
417.585,2.5676
417.785,2.5676
417.986,2.5185
418.186,2.5185
418.423,2.5185
418.624,2.5217
418.824,2.5217
419.025,2.5217
419.225,2.5217
419.445,2.5217
419.646,2.4685
419.846,2.4685
420.047,2.4685
420.247,2.4685
420.449,2.4685
420.650,2.4543
420.850,2.4543
421.051,2.4543
421.254,2.4543
421.455,2.4185
421.655,2.4185
421.855,2.4185
422.056,2.4185
422.257,2.4185
422.458,2.4185
422.658,2.4110
422.859,2.4110
423.059,2.4110
423.260,2.4110
423.460,2.4110
423.662,2.3685
423.864,2.3685
424.065,2.3685
424.266,2.3685
424.466,2.3685
424.667,2.3651
424.867,2.3651
425.068,2.3651
425.268,2.3651
425.469,2.3651
425.669,2.3185
425.870,2.3185
426.070,2.3185
426.271,2.3185
426.471,2.3185
426.677,2.3185
426.877,2.3225
427.078,2.3225
427.279,2.3225
427.480,2.2935
427.683,2.2935
427.883,2.2935
428.083,2.2935
428.284,2.2935
428.484,2.2685
428.701,2.2685
428.902,2.2544
429.102,2.2544
429.303,2.2544
429.504,2.2185
429.723,2.2185
429.923,2.2185
430.124,2.2185
430.324,2.2185
430.525,2.2185
430.725,2.1935
430.926,2.2087
431.126,2.2087
431.326,2.2087
431.527,2.1685
431.727,2.1685
431.928,2.1666
432.128,2.1666
432.329,2.1666
432.529,2.1666
432.729,2.1666
432.930,2.1666
433.130,2.1666
433.331,2.1666
433.531,2.1666
433.732,2.1666
433.932,2.1207
434.133,2.1207
434.333,2.1207
434.533,2.1207
434.734,2.1207
434.934,2.1207
435.135,2.1207
435.335,2.0935
435.536,2.0935
435.736,2.0935
435.950,2.0935
436.150,2.0523
436.351,2.0523
436.552,2.0523
436.752,2.0523
436.955,2.0523
437.156,2.0523
437.357,2.0523
437.557,2.0185
437.758,2.0185
437.981,2.0185
438.181,2.0108
438.382,2.0108
438.582,2.0108
438.783,2.0108
438.993,2.0108
439.194,2.0108
439.394,2.0108
439.595,2.0108
439.797,1.9685
439.999,1.9685
440.200,1.9649
440.400,1.9649
440.601,1.9649
440.801,1.9649
441.002,1.9649
441.202,1.9649
441.404,1.9649
441.605,1.9185
441.805,1.9185
442.006,1.9185
442.206,1.9241
442.407,1.9241
442.607,1.9241
442.808,1.9241
443.008,1.9241
443.209,1.8685
443.409,1.8685
443.610,1.8685
443.811,1.8685
444.011,1.8685
444.212,1.8548
444.412,1.8548
444.612,1.8548
444.813,1.8548
445.014,1.8548
445.229,1.8548
445.429,1.8185
445.630,1.8185
445.831,1.8185
446.031,1.8185
446.232,1.8154
446.432,1.8154
446.632,1.8154
446.833,1.8154
447.033,1.8154
447.249,1.8154
447.450,1.8154
447.651,1.8154
447.851,1.7685
448.052,1.7685
448.269,1.7685
448.470,1.7689
448.670,1.7689
448.870,1.7689
449.071,1.7689
449.313,1.7689
449.514,1.7435
449.714,1.7435
449.915,1.7435
450.115,1.7435
450.326,1.7435
450.527,1.6993
450.727,1.6993
450.927,1.6993
451.130,1.6993
451.351,1.6993
451.552,1.6685
451.752,1.6685
451.953,1.6685
452.154,1.6685
452.389,1.6685
452.590,1.6599
452.790,1.6599
452.990,1.6599
453.191,1.6599
453.409,1.6599
453.609,1.6599
453.810,1.6185
454.010,1.6185
454.211,1.6185
454.411,1.5935
454.612,1.6142
454.812,1.6142
455.013,1.6142
455.214,1.6142
455.415,1.6142
455.615,1.5435
455.816,1.5435
456.017,1.5435
456.217,1.5435
456.418,1.5435
456.618,1.5523
456.819,1.5523
457.019,1.5523
457.220,1.5523
457.421,1.5523
457.621,1.5185
457.822,1.5185
458.023,1.5185
458.223,1.4935
458.424,1.4935
458.624,1.5051
458.825,1.5051
459.027,1.5051
459.227,1.5051
459.427,1.5051
459.628,1.5051
459.828,1.5051
460.029,1.4685
460.229,1.4435
460.430,1.4435
460.634,1.4435
460.835,1.4348
461.036,1.4348
461.238,1.4348
461.439,1.4348
461.657,1.4348
461.857,1.3935
462.058,1.3935
462.258,1.3935
462.459,1.3935
462.679,1.3935
462.880,1.3977
463.080,1.3977
463.283,1.3977
463.483,1.3977
463.705,1.3435
463.905,1.3435
464.107,1.3435
464.308,1.3435
464.508,1.3435
464.709,1.3185
464.910,1.3256
465.110,1.3256
465.311,1.2935
465.511,1.2935
465.712,1.2935
465.912,1.2801
466.113,1.2801
466.313,1.2801
466.514,1.2801
466.714,1.2801
466.915,1.2801
467.115,1.2801
467.316,1.2801
467.516,1.2435
467.717,1.2435
467.917,1.2373
468.118,1.2373
468.318,1.2373
468.519,1.2373
468.720,1.2373
468.920,1.2099
469.121,1.2099
469.322,1.2099
469.522,1.2099
469.723,1.1685
469.923,1.1716
470.123,1.1716
470.326,1.1716
470.528,1.1716
470.728,1.1716
470.934,1.1716
471.135,1.1716
471.335,1.1435
471.535,1.1435
471.736,1.1435
471.949,1.1185
472.150,1.1277
472.350,1.1277
472.551,1.1277
472.752,1.1277
472.971,1.1277
473.171,1.1002
473.372,1.0685
473.572,1.0685
473.773,1.0685
473.973,1.0685
474.174,1.0572
474.374,1.0572
474.575,1.0572
474.776,1.0572
474.977,1.0572
475.177,1.0572
475.377,1.0185
475.578,1.0185
475.778,1.0185
475.979,1.0185
476.180,1.0196
476.380,1.0196
476.581,1.0196
476.782,1.0196
476.983,0.9685
477.218,0.9868
477.418,0.9868
477.619,0.9435
477.820,0.9435
478.020,0.9435
478.221,0.9481
478.421,0.9481
478.622,0.9481
478.823,0.9481
479.024,0.9481
479.224,0.9185
479.425,0.9185
479.626,0.9185
479.827,0.8935
480.028,0.8935
480.229,0.8770
480.429,0.8770
480.630,0.8770
480.830,0.8770
481.031,0.8770
481.236,0.8770
481.437,0.8435
481.637,0.8435
481.839,0.8435
482.039,0.8435
482.247,0.8435
482.447,0.8375
482.647,0.8375
482.848,0.8375
483.048,0.8375
483.283,0.7935
483.484,0.7935
483.684,0.7935
483.884,0.7935
484.085,0.7935
484.293,0.7685
484.494,0.7669
484.694,0.7669
484.895,0.7669
485.095,0.7669
485.296,0.7669
485.496,0.7669
485.697,0.7185
485.897,0.7185
486.098,0.7185
486.298,0.7185
486.499,0.7302
486.700,0.7302
486.900,0.6935
487.101,0.6935
487.301,0.6935
487.501,0.6975
487.702,0.6685
487.904,0.6685
488.105,0.6685
488.305,0.6685
488.537,0.6593
488.738,0.6593
488.938,0.6593
489.139,0.6593
489.342,0.6185
489.542,0.6185
489.743,0.6185
489.944,0.6185
490.144,0.6185
490.344,0.6185
490.545,0.5886
490.745,0.5886
490.946,0.5886
491.146,0.5886
491.347,0.5886
491.547,0.5886
491.747,0.5886
491.948,0.5435
492.149,0.5435
492.349,0.5435
492.551,0.5547
492.753,0.5547
492.953,0.5185
493.154,0.5185
493.355,0.5185
493.558,0.5185
493.759,0.5180
493.960,0.5180
494.160,0.5180
494.361,0.4685
494.561,0.4685
494.761,0.4843
494.962,0.4843
495.164,0.4843
495.364,0.4843
495.565,0.4435
495.765,0.4472
495.966,0.4472
496.166,0.4472
496.367,0.4472
496.568,0.4472
496.768,0.4139
496.969,0.4139
497.170,0.4139
497.370,0.4139
497.571,0.4139
497.771,0.4139
497.972,0.4139
498.172,0.4139
498.372,0.3685
498.573,0.3685
498.773,0.3771
498.974,0.3771
499.174,0.3435
499.375,0.3435
499.576,0.3435
499.776,0.3439
499.976,0.3439
500.177,0.3439
500.377,0.3439
500.578,0.3439
500.794,0.3439
500.994,0.3439
501.195,0.2935
501.396,0.2935
501.596,0.2935
501.805,0.2935
502.005,0.2742
502.206,0.2742
502.407,0.2742
502.608,0.2742
502.821,0.2742
503.022,0.2742
503.222,0.2742
503.423,0.2742
503.623,0.2742
503.833,0.2742
504.034,0.2742
504.234,0.2742
504.434,0.2435
504.635,0.2435
504.836,0.2435
505.036,0.2435
505.236,0.2435
505.437,0.2435
505.637,0.2435
505.838,0.2435
506.038,0.2185
506.239,0.2185
506.439,0.2185
506.640,0.2185
506.840,0.2185
507.041,0.2058
507.242,0.2058
507.443,0.2058
507.643,0.2058
507.844,0.2058
508.045,0.2058
508.246,0.2058
508.447,0.2058
508.647,0.2058
508.848,0.2058
509.048,0.2058
509.249,0.2058
509.449,0.2058
509.650,0.2058
509.851,0.2058
510.051,0.2058
510.252,0.2058
510.452,0.2058
510.652,0.2058
510.853,0.2058
511.069,0.2058
511.269,0.1685
511.470,0.1685
511.671,0.1685
511.872,0.1685
512.085,0.1685
512.285,0.1935
512.486,0.1935
512.686,0.1935
512.887,0.1935
513.088,0.1935
513.288,0.1935
513.489,0.1935
513.690,0.1935
513.890,0.1435
514.091,0.1435
514.292,0.1435
514.492,0.1435
514.693,0.1435
514.893,0.1435
515.094,0.1435
515.294,0.1435
515.495,0.1435
515.695,0.1435
515.896,0.1435
516.097,0.1435
516.298,0.1435
516.498,0.1435
516.699,0.1435
516.899,0.1435
517.100,0.1435
517.300,0.1435
517.501,0.1435
517.702,0.1435
517.902,0.1435
518.103,0.1435
518.303,0.1435
518.504,0.1435
518.705,0.1435
518.907,0.1435
519.107,0.1435
519.322,0.1435
519.523,0.1435
519.723,0.1435
519.924,0.1435
520.124,0.1435
520.333,0.1435
520.534,0.1435
520.734,0.1435
520.935,0.1435
521.135,0.1435
521.350,0.1435
521.551,0.1435
521.751,0.1435
521.952,0.1435
522.153,0.1435
522.361,0.1435
522.562,0.1435
522.764,0.1435
522.965,0.1435
523.165,0.1435
523.386,0.1435
523.586,0.1435
523.787,0.1435
523.987,0.1435
524.188,0.1435
524.388,0.1435
524.589,0.1435
524.789,0.1435
524.989,0.1435
525.190,0.1435
525.391,0.1435
525.591,0.1435
525.791,0.1435
525.992,0.1435
526.192,0.1435
526.393,0.1435
526.593,0.1435
526.794,0.1435
526.994,0.1435
527.194,0.1435
527.395,0.1435
527.605,0.1435
527.805,0.1435
528.006,0.1435
528.206,0.1435
528.407,0.1435
528.607,0.1435
528.808,0.1435
529.008,0.1435
529.209,0.1435
529.409,0.1435
529.616,0.1435
529.817,0.1435
530.018,0.1435
530.218,0.1435
530.419,0.1435
530.619,0.1435
530.820,0.1435
531.020,0.1435
531.221,0.1435
531.421,0.1435
531.647,0.1435
531.848,0.1435
532.048,0.1435
532.249,0.1435
532.449,0.1435
532.661,0.1228
532.861,0.1228
533.063,0.1228
533.264,0.1228
533.464,0.1228
533.673,0.1228
533.874,0.1228
534.074,0.1228
534.275,0.1228
534.475,0.1228
534.693,0.1228
534.894,0.0728
535.094,0.0728
535.295,0.0728
535.496,0.0728
535.732,0.0728
535.933,0.0728
536.133,0.0728
536.334,0.0728
536.534,0.0728
536.774,0.0728
536.975,0.0728
537.176,0.0728
537.376,0.0728
537.576,0.0728
537.781,0.0728
537.981,0.0728
538.182,0.0728
538.383,0.0728
538.583,0.0728
538.801,0.0728
539.001,0.0728
539.202,0.0728
539.402,0.0728
539.604,0.0728
539.805,0.0728
540.005,0.0728
540.206,0.0728
540.406,0.0728
540.606,0.0728
540.807,0.0728
541.007,0.0728
541.208,0.0728
541.408,0.0728
541.609,0.0728
541.810,0.0728
542.011,0.0728
542.213,0.0728
542.413,0.0728
542.614,0.0728
542.815,0.0728
543.015,0.0728
543.216,0.0728
543.416,0.0728
543.617,0.0728
543.818,0.0728
544.021,0.0728
544.222,0.0728
544.423,0.0728
544.624,0.0728
544.824,0.0728
545.024,0.0728
545.225,0.0728
545.425,0.0728
545.625,0.0728
545.826,0.0728
546.038,0.0728
546.239,0.0728
546.440,0.0728
546.640,0.0728
546.841,0.0728
547.044,0.0728
547.245,0.0728
547.445,0.0728
547.646,0.0728
547.846,0.0728
548.083,0.0728
548.284,0.0728
548.484,0.0728
548.685,0.0728
548.885,0.0728
549.096,0.0728
549.297,0.0728
549.499,0.0728
549.700,0.0728
549.900,0.0728
550.101,0.0728
550.301,0.0728
550.502,0.0728
550.702,0.0728
550.903,0.0728
551.103,0.0728
551.304,0.0728
551.504,0.0728
551.705,0.0728
551.905,0.0728
552.107,0.0728
552.307,0.0728
552.508,0.0728
552.709,0.0728
552.910,0.0728
553.110,0.0728
553.314,0.0728
553.515,0.0728
553.716,0.0728
553.916,0.0728
554.117,0.0728
554.317,0.0728
554.518,0.0728
554.718,0.0728
554.919,0.0728
555.120,0.0728
555.323,0.0728
555.524,0.0728
555.724,0.0728
555.925,0.0728
556.125,0.0728
556.338,0.0728
556.538,0.0728
556.739,0.0728
556.939,0.0728
557.142,0.0728
557.348,0.0728
557.548,0.0728
557.750,0.0728
557.950,0.0728
558.151,0.0728
558.356,0.0728
558.557,0.0728
558.757,0.0728
558.958,0.0728
559.158,0.0728
559.359,0.0728
559.559,0.0728
559.760,0.0728
559.960,0.0728
560.161,0.0728
560.361,0.0728
560.562,0.0728
560.763,0.0728
560.963,0.0728
561.164,0.0728
561.365,0.0728
561.566,0.0728
561.767,0.0728
561.968,0.0728
562.169,0.0728
562.369,0.0728
562.570,0.0728
562.770,0.0728
562.971,0.0728
563.171,0.0728
563.373,0.0728
563.573,0.0728
563.773,0.0728
563.974,0.0728
564.174,0.0728
564.374,0.0728
564.575,0.0728
564.776,0.0728
564.976,0.0728
565.177,0.0728
565.377,0.0728
565.591,0.0728
565.791,0.0728
565.993,0.0728
566.193,0.0728
566.393,0.0728
566.596,0.0728
566.796,0.0728
566.997,0.0728
567.197,0.0728
567.398,0.0728
567.617,0.0728
567.817,0.0728
568.018,0.0728
568.219,0.0728
568.419,0.0728
568.632,0.0728
568.833,0.0728
569.033,0.0728
569.234,0.0728
569.435,0.0728
569.635,0.0728
569.836,0.0728
570.037,0.0728
570.253,0.0728
